Category,Player,Total_Appearances,Avg_Per_Week
3-0,Jaxon Smith-Njigba,91,6.1
3-0,Derrick Henry,78,5.2
3-0,George Kittle,65,4.3
3-0,Chris Olave,52,3.5
3-0,Josh Jacobs,52,3.5
3-0,Matthew Stafford,52,3.5
3-0,Sam LaPorta,52,3.5
3-0,CeeDee Lamb,52,3.5
3-0,Jadarian Price,52,3.5
3-0,Mark Andrews,52,3.5
3-0,Tee Higgins,52,3.5
3-0,Luther Burden III,52,3.5
3-0,Kyren Williams,39,2.6
3-0,Mike Evans,39,2.6
3-0,DK Metcalf,39,2.6
3-0,Zach Charbonnet,39,2.6
3-0,Ashton Jeanty,39,2.6
3-0,Malik Nabers,39,2.6
3-0,D'Andre Swift,39,2.6
3-0,Jake Ferguson,39,2.6
3-0,Christian McCaffrey,39,2.6
3-0,Rome Odunze,39,2.6
3-0,J.K. Dobbins,39,2.6
3-0,Jared Goff,39,2.6
3-0,Jahmyr Gibbs,39,2.6
3-0,Jaylen Warren,39,2.6
3-0,Matthew Golden,39,2.6
3-0,Chase Brown,39,2.6
3-0,Josh Downs,39,2.6
3-0,Braelon Allen,39,2.6
3-0,Josh Allen,39,2.6
3-0,Davante Adams,39,2.6
3-0,Bucky Irving,39,2.6
3-0,Terry McLaurin,39,2.6
3-0,Michael Pittman Jr.,39,2.6
3-0,Eddy Pineiro,39,2.6
3-0,Browns D/ST,39,2.6
3-0,Stefon Diggs,39,2.6
3-0,Rams D/ST,39,2.6
3-0,Xavier Worthy,39,2.6
3-0,Cameron Dicker,39,2.6
3-0,Jayden Daniels,39,2.6
3-0,Seahawks D/ST,39,2.6
3-0,Jonathan Taylor,26,1.7
3-0,Colston Loveland,26,1.7
3-0,Lamar Jackson,26,1.7
3-0,Brandon Aubrey,26,1.7
3-0,Travis Kelce,26,1.7
3-0,Keenan Allen,26,1.7
3-0,Jameson Williams,26,1.7
3-0,TreVeyon Henderson,26,1.7
3-0,Patrick Mahomes,26,1.7
3-0,Juwan Johnson,26,1.7
3-0,Patriots D/ST,26,1.7
3-0,Tetairoa McMillan,26,1.7
3-0,Drake Maye,26,1.7
3-0,Travis Hunter,26,1.7
3-0,Broncos D/ST,26,1.7
3-0,Bo Nix,26,1.7
3-0,George Pickens,26,1.7
3-0,Jaylen Waddle,26,1.7
3-0,Brock Purdy,26,1.7
3-0,De'Zhaun Stribling,26,1.7
3-0,Jacory Croskey-Merritt,26,1.7
3-0,Dalton Schultz,26,1.7
3-0,Zay Flowers,26,1.7
3-0,KC Concepcion,26,1.7
3-0,Deebo Samuel Sr.,26,1.7
3-0,Lions D/ST,26,1.7
3-0,Jalen Coker,26,1.7
3-0,Evan McPherson,26,1.7
3-0,Bhayshul Tuten,26,1.7
3-0,Marvin Harrison Jr.,26,1.7
3-0,Christian Watson,26,1.7
3-0,Bryce Young,26,1.7
3-0,Omarion Hampton,26,1.7
3-0,Cam Skattebo,26,1.7
3-0,Dallas Goedert,26,1.7
3-0,Harrison Mevis,26,1.7
3-0,Javonte Williams,26,1.7
3-0,DJ Moore,26,1.7
3-0,C.J. Stroud,26,1.7
3-0,Aaron Jones Sr.,26,1.7
3-0,Harrison Butker,26,1.7
3-0,Rashid Shaheed,26,1.7
3-0,Trevor Lawrence,26,1.7
3-0,Kenneth Walker III,26,1.7
3-0,Jonathon Brooks,26,1.7
3-0,Dalton Kincaid,26,1.7
3-0,Rashee Rice,26,1.7
3-0,Harold Fannin Jr.,26,1.7
3-0,Jordan Addison,26,1.7
3-0,Jeremiyah Love,26,1.7
3-0,Wan'Dale Robinson,26,1.7
3-0,RJ Harvey,26,1.7
3-0,Devaughn Vele,26,1.7
3-0,Devin Singletary,13,0.9
3-0,Packers D/ST,13,0.9
3-0,Rico Dowdle,13,0.9
3-0,Chris Godwin Jr.,13,0.9
3-0,Woody Marks,13,0.9
3-0,Adonai Mitchell,13,0.9
3-0,Chase McLaughlin,13,0.9
3-0,Garrett Wilson,13,0.9
3-0,Denzel Boston,13,0.9
3-0,Malik Willis,13,0.9
3-0,David Montgomery,13,0.9
3-0,Parker Washington,13,0.9
3-0,Mike Washington Jr.,13,0.9
3-0,Cam Little,13,0.9
3-0,Brenton Strange,13,0.9
3-0,Vikings D/ST,13,0.9
3-0,Travis Etienne Jr.,13,0.9
3-0,Courtland Sutton,13,0.9
3-0,Caleb Williams,13,0.9
3-0,Isaiah Likely,13,0.9
3-0,Tyler Loop,13,0.9
3-0,Jacoby Brissett,13,0.9
3-0,Justin Jefferson,13,0.9
3-0,Joe Burrow,13,0.9
3-0,Texans D/ST,13,0.9
3-0,Bijan Robinson,13,0.9
3-0,Tyler Warren,13,0.9
3-0,Justin Herbert,13,0.9
3-0,Will Reichard,13,0.9
3-0,Bills Coach,13,0.9
3-0,Alec Pierce,13,0.9
3-0,Bills D/ST,13,0.9
3-0,Tyler Shough,13,0.9
3-0,Kyle Monangai,13,0.9
3-0,Romeo Doubs,13,0.9
3-0,Trey Smack,13,0.9
3-0,Emmett Johnson,13,0.9
3-0,Dontayvion Wicks,13,0.9
3-0,Brock Bowers,13,0.9
3-0,Rhamondre Stevenson,13,0.9
3-0,Chris Boswell,13,0.9
3-0,Ollie Gordon II,13,0.9
3-0,Kenny Gainwell,13,0.9
3-0,Chuba Hubbard,13,0.9
3-0,49ers D/ST,13,0.9
3-0,Ja'Marr Chase,13,0.9
3-0,Drake London,13,0.9
3-0,Dak Prescott,13,0.9
3-0,Carnell Tate,13,0.9
3-0,Ravens D/ST,13,0.9
3-0,Trey McBride,13,0.9
3-0,Zach Ertz,13,0.9
3-0,Pat Freiermuth,13,0.9
3-0,James Cook III,13,0.9
3-0,Jalen Hurts,13,0.9
3-0,Alvin Kamara,13,0.9
3-0,Ja'Kobi Lane,13,0.9
3-0,Kaelon Black,13,0.9
3-0,Nicholas Singleton,13,0.9
3-0,Panthers D/ST,13,0.9
3-0,Blake Corum,13,0.9
3-0,Daniel Jones,13,0.9
3-0,Cairo Santos,13,0.9
3-0,Tre' Harris,13,0.9
3-0,Jerry Jeudy,13,0.9
3-0,Jordan Love,13,0.9
3-0,Brian Robinson Jr.,13,0.9
3-0,Chiefs D/ST,13,0.9
3-0,Amon-Ra St. Brown,13,0.9
3-0,Makai Lemon,13,0.9
3-0,Jauan Jennings,13,0.9
3-0,Nico Collins,13,0.9
3-0,Emeka Egbuka,13,0.9
3-0,Michael Wilson,13,0.9
3-0,Rachaad White,13,0.9
3-0,Jake Bates,13,0.9
0-3,Puka Nacua,78,5.2
0-3,Quinshon Judkins,65,4.3
0-3,Saquon Barkley,65,4.3
0-3,A.J. Brown,52,3.5
0-3,Matthew Golden,52,3.5
0-3,Jordan Mason,52,3.5
0-3,Jayden Reed,52,3.5
0-3,Terry McLaurin,52,3.5
0-3,Alec Pierce,52,3.5
0-3,Justin Jefferson,52,3.5
0-3,Bo Nix,52,3.5
0-3,Carnell Tate,52,3.5
0-3,Tetairoa McMillan,52,3.5
0-3,Braelon Allen,52,3.5
0-3,Zay Flowers,39,2.6
0-3,Marvin Harrison Jr.,39,2.6
0-3,Michael Wilson,39,2.6
0-3,Trevor Lawrence,39,2.6
0-3,Harrison Mevis,39,2.6
0-3,Browns D/ST,39,2.6
0-3,Travis Etienne Jr.,39,2.6
0-3,Dallas Goedert,39,2.6
0-3,George Kittle,39,2.6
0-3,Eagles D/ST,39,2.6
0-3,Kenyon Sadiq,39,2.6
0-3,MarShawn Lloyd,39,2.6
0-3,Keenan Allen,39,2.6
0-3,49ers D/ST,39,2.6
0-3,Colston Loveland,39,2.6
0-3,Breece Hall,39,2.6
0-3,Wan'Dale Robinson,39,2.6
0-3,Makai Lemon,39,2.6
0-3,Jaylen Warren,39,2.6
0-3,Kenneth Walker III,39,2.6
0-3,Drake Maye,39,2.6
0-3,Courtland Sutton,39,2.6
0-3,Xavier Worthy,39,2.6
0-3,Jason Myers,39,2.6
0-3,Rams D/ST,39,2.6
0-3,Texans D/ST,39,2.6
0-3,Javonte Williams,26,1.7
0-3,Tony Pollard,26,1.7
0-3,Rome Odunze,26,1.7
0-3,Bijan Robinson,26,1.7
0-3,DeVonta Smith,26,1.7
0-3,Jayden Daniels,26,1.7
0-3,Kenny Gainwell,26,1.7
0-3,Jake Ferguson,26,1.7
0-3,Patriots D/ST,26,1.7
0-3,Jonathan Taylor,26,1.7
0-3,Brian Thomas Jr.,26,1.7
0-3,Blake Corum,26,1.7
0-3,Romeo Doubs,26,1.7
0-3,Chris Rodriguez Jr.,26,1.7
0-3,C.J. Stroud,26,1.7
0-3,James Cook III,26,1.7
0-3,Alvin Kamara,26,1.7
0-3,Emmett Johnson,26,1.7
0-3,Ravens D/ST,26,1.7
0-3,Ja'Marr Chase,26,1.7
0-3,Trey McBride,26,1.7
0-3,Rashee Rice,26,1.7
0-3,Bhayshul Tuten,26,1.7
0-3,Rhamondre Stevenson,26,1.7
0-3,Kyle Monangai,26,1.7
0-3,Emanuel Wilson,26,1.7
0-3,Spencer Shrader,26,1.7
0-3,Malik Washington,26,1.7
0-3,Josh Allen,26,1.7
0-3,Harold Fannin Jr.,26,1.7
0-3,Jordan Addison,26,1.7
0-3,Jalen McMillan,26,1.7
0-3,Chase Brown,26,1.7
0-3,George Pickens,26,1.7
0-3,Kyren Williams,26,1.7
0-3,Brandon Aubrey,26,1.7
0-3,J.K. Dobbins,26,1.7
0-3,Aaron Jones Sr.,26,1.7
0-3,TreVeyon Henderson,26,1.7
0-3,Rachaad White,26,1.7
0-3,Jacory Croskey-Merritt,26,1.7
0-3,Daniel Jones,26,1.7
0-3,Nico Collins,26,1.7
0-3,Stefon Diggs,26,1.7
0-3,Buccaneers D/ST,26,1.7
0-3,Kyler Murray,26,1.7
0-3,Emeka Egbuka,26,1.7
0-3,Ka'imi Fairbairn,26,1.7
0-3,Mike Washington Jr.,26,1.7
0-3,Denzel Boston,26,1.7
0-3,Jaylen Waddle,26,1.7
0-3,D'Andre Swift,26,1.7
0-3,Cam Little,26,1.7
0-3,Dalton Kincaid,26,1.7
0-3,Tucker Kraft,26,1.7
0-3,Patrick Mahomes,26,1.7
0-3,Chris Godwin Jr.,26,1.7
0-3,Chris Olave,26,1.7
0-3,David Montgomery,26,1.7
0-3,Justin Herbert,26,1.7
0-3,Mark Andrews,13,0.9
0-3,Keaton Mitchell,13,0.9
0-3,Kaelon Black,13,0.9
0-3,Tre Tucker,13,0.9
0-3,DJ Moore,13,0.9
0-3,Brock Purdy,13,0.9
0-3,Josh Downs,13,0.9
0-3,Tyler Allgeier,13,0.9
0-3,Rashid Shaheed,13,0.9
0-3,Harrison Butker,13,0.9
0-3,Ladd McConkey,13,0.9
0-3,Luther Burden III,13,0.9
0-3,Christian Watson,13,0.9
0-3,Jake Bates,13,0.9
0-3,Chris Brooks,13,0.9
0-3,De'Von Achane,13,0.9
0-3,Lamar Jackson,13,0.9
0-3,Mike Evans,13,0.9
0-3,Kyle Pitts Sr.,13,0.9
0-3,Dylan Sampson,13,0.9
0-3,Will Reichard,13,0.9
0-3,Dontayvion Wicks,13,0.9
0-3,Hunter Henry,13,0.9
0-3,Joe Burrow,13,0.9
0-3,Chiefs D/ST,13,0.9
0-3,Joe Flacco,13,0.9
0-3,Bryce Young,13,0.9
0-3,Kalif Raymond,13,0.9
0-3,Davante Adams,13,0.9
0-3,Jonathon Brooks,13,0.9
0-3,Tyjae Spears,13,0.9
0-3,Jalen Coker,13,0.9
0-3,Cairo Santos,13,0.9
0-3,Chargers D/ST,13,0.9
0-3,Broncos D/ST,13,0.9
0-3,Travis Kelce,13,0.9
0-3,Ashton Jeanty,13,0.9
0-3,Malik Nabers,13,0.9
0-3,Devaughn Vele,13,0.9
0-3,Jordan Love,13,0.9
0-3,Bears Coach,13,0.9
0-3,Bills D/ST,13,0.9
0-3,Jaylen Wright,13,0.9
0-3,Amon-Ra St. Brown,13,0.9
0-3,Jakobi Meyers,13,0.9
0-3,Seahawks Coach,13,0.9
0-3,Tyler Shough,13,0.9
0-3,Chuba Hubbard,13,0.9
0-3,Deshaun Watson,13,0.9
0-3,Case Keenum,13,0.9
0-3,Jadarian Price,13,0.9
0-3,DK Metcalf,13,0.9
0-3,Marcus Mariota,13,0.9
0-3,Geno Smith,13,0.9
0-3,Derrick Henry,13,0.9
0-3,Dalton Schultz,13,0.9
0-3,Jonah Coleman,13,0.9
0-3,Evan McPherson,13,0.9
0-3,Dak Prescott,13,0.9
0-3,Jalen Hurts,13,0.9
0-3,Jameson Williams,13,0.9
0-3,Matthew Stafford,13,0.9
0-3,Juwan Johnson,13,0.9
0-3,Cam Skattebo,13,0.9
0-3,Tyler Warren,13,0.9
0-3,T.J. Hockenson,13,0.9
0-3,Sam Darnold,13,0.9
0-3,Brock Bowers,13,0.9
0-3,Parker Washington,13,0.9
0-3,Jordyn Tyson,13,0.9
0-3,Trey Smack,13,0.9
0-3,Oronde Gadsden,13,0.9
0-3,Saints D/ST,13,0.9
0-3,Drake London,13,0.9
0-3,Caleb Williams,13,0.9
0-3,Travis Hunter,13,0.9
0-3,Isaiah Likely,13,0.9
0-3,Adonai Mitchell,13,0.9
0-3,Chase McLaughlin,13,0.9
0-3,Quentin Johnston,13,0.9
0-3,KC Concepcion,13,0.9
0-3,Malik Willis,13,0.9
0-3,Kaleb Johnson,13,0.9
0-3,Tyler Bass,13,0.9
0-3,Garrett Wilson,13,0.9
0-3,Woody Marks,13,0.9
0-3,Ollie Gordon II,13,0.9
0-3,Sam LaPorta,13,0.9
0-3,RJ Harvey,13,0.9
0-3,Jared Goff,13,0.9
0-3,Brenton Strange,13,0.9
0-3,De'Zhaun Stribling,13,0.9
0-3,Michael Mayer,13,0.9
1st,Trey McBride,45,3.0
1st,Jaxon Smith-Njigba,45,3.0
1st,Jadarian Price,34,2.3
1st,Dalton Kincaid,32,2.1
1st,Christian Watson,31,2.1
1st,Joe Burrow,30,2.0
1st,Jalen Coker,30,2.0
1st,Davante Adams,30,2.0
1st,Keenan Allen,29,1.9
1st,Jason Myers,29,1.9
1st,Juwan Johnson,29,1.9
1st,Jaylen Warren,27,1.8
1st,D'Andre Swift,21,1.4
1st,Josh Allen,20,1.3
1st,Derrick Henry,19,1.3
1st,Michael Pittman Jr.,19,1.3
1st,Javonte Williams,19,1.3
1st,Mark Andrews,19,1.3
1st,Amon-Ra St. Brown,18,1.2
1st,Texans D/ST,18,1.2
1st,Jake Ferguson,18,1.2
1st,Tony Pollard,18,1.2
1st,Justin Jefferson,18,1.2
1st,Jonathon Brooks,17,1.1
1st,Jake Bates,17,1.1
1st,Jakobi Meyers,17,1.1
1st,Evan McPherson,17,1.1
1st,Rico Dowdle,17,1.1
1st,Patriots D/ST,17,1.1
1st,Emanuel Wilson,16,1.1
1st,Zay Flowers,16,1.1
1st,Bijan Robinson,16,1.1
1st,Rhamondre Stevenson,16,1.1
1st,Cam Little,16,1.1
1st,Jayden Reed,16,1.1
1st,Christian McCaffrey,16,1.1
1st,Kenneth Walker III,16,1.1
1st,Emeka Egbuka,16,1.1
1st,David Montgomery,16,1.1
1st,Carnell Tate,16,1.1
1st,Woody Marks,16,1.1
1st,Matthew Stafford,16,1.1
1st,Bucky Irving,16,1.1
1st,Cam Skattebo,16,1.1
1st,Rashee Rice,16,1.1
1st,Travis Etienne Jr.,15,1.0
1st,Lamar Jackson,15,1.0
1st,Seahawks D/ST,15,1.0
1st,Daniel Jones,15,1.0
1st,Dontayvion Wicks,15,1.0
1st,Kyle Monangai,15,1.0
1st,Steelers D/ST,15,1.0
1st,Hunter Henry,15,1.0
1st,Tyler Shough,15,1.0
1st,Baker Mayfield,15,1.0
1st,Justice Hill,15,1.0
1st,Drake London,15,1.0
1st,Wan'Dale Robinson,15,1.0
1st,Devaughn Vele,15,1.0
1st,Mike Evans,15,1.0
1st,Travis Kelce,15,1.0
1st,Jeremiyah Love,15,1.0
1st,Nico Collins,14,0.9
1st,Breece Hall,14,0.9
1st,Garrett Wilson,14,0.9
1st,Caleb Douglas,14,0.9
1st,Brian Thomas Jr.,14,0.9
1st,MarShawn Lloyd,14,0.9
1st,Broncos D/ST,14,0.9
1st,Kyler Murray,14,0.9
1st,Jalen Hurts,14,0.9
1st,Ka'imi Fairbairn,14,0.9
1st,49ers Coach,14,0.9
1st,T.J. Hockenson,14,0.9
1st,Tank Bigsby,14,0.9
1st,George Pickens,14,0.9
1st,J.K. Dobbins,14,0.9
1st,Tyler Allgeier,14,0.9
1st,Khalil Shakir,14,0.9
1st,Alvin Kamara,14,0.9
1st,Buccaneers D/ST,14,0.9
1st,Jacory Croskey-Merritt,14,0.9
1st,Alec Pierce,13,0.9
1st,Quentin Johnston,13,0.9
1st,Chargers D/ST,13,0.9
1st,Antonio Williams,13,0.9
1st,Malik Nabers,6,0.4
1st,Caleb Williams,5,0.3
1st,Jordan Addison,4,0.3
1st,Jordan Love,4,0.3
1st,CeeDee Lamb,4,0.3
1st,DJ Moore,4,0.3
1st,TreVeyon Henderson,4,0.3
1st,Luther Burden III,3,0.2
1st,KC Concepcion,3,0.2
1st,Josh Jacobs,3,0.2
1st,Josh Downs,3,0.2
1st,Chris Olave,3,0.2
1st,Marvin Harrison Jr.,3,0.2
1st,Tucker Kraft,3,0.2
1st,Michael Wilson,3,0.2
1st,C.J. Stroud,3,0.2
1st,Sam LaPorta,3,0.2
1st,Jaylen Waddle,3,0.2
1st,Brock Purdy,3,0.2
1st,Ashton Jeanty,3,0.2
1st,George Kittle,3,0.2
1st,Kenyon Sadiq,2,0.1
1st,Chase Brown,2,0.1
1st,Isaiah Likely,2,0.1
1st,Tyler Loop,2,0.1
1st,Lions D/ST,2,0.1
1st,Braelon Allen,2,0.1
1st,Chuba Hubbard,2,0.1
1st,Ravens D/ST,2,0.1
1st,Brian Robinson Jr.,2,0.1
1st,Aaron Jones Sr.,2,0.1
1st,Harrison Butker,2,0.1
1st,Rashid Shaheed,2,0.1
1st,Bills D/ST,2,0.1
1st,Rachaad White,2,0.1
1st,Jonathan Taylor,2,0.1
1st,Rome Odunze,2,0.1
1st,DK Metcalf,2,0.1
1st,Eagles D/ST,2,0.1
1st,Jahmyr Gibbs,2,0.1
1st,Cameron Dicker,2,0.1
1st,Jameson Williams,2,0.1
1st,Chris Godwin Jr.,2,0.1
1st,Terry McLaurin,2,0.1
1st,Harold Fannin Jr.,2,0.1
1st,Stefon Diggs,2,0.1
1st,Courtland Sutton,1,0.1
1st,Deebo Samuel Sr.,1,0.1
1st,Jacoby Brissett,1,0.1
1st,Tyler Warren,1,0.1
1st,Bhayshul Tuten,1,0.1
1st,Eddy Pineiro,1,0.1
1st,Browns D/ST,1,0.1
1st,Justin Herbert,1,0.1
1st,Tetairoa McMillan,1,0.1
1st,Ladd McConkey,1,0.1
1st,Sam Darnold,1,0.1
1st,Bengals D/ST,1,0.1
1st,Vikings Coach,1,0.1
1st,Puka Nacua,1,0.1
1st,Colston Loveland,1,0.1
1st,Isiah Pacheco,1,0.1
1st,Jaylin Noel,1,0.1
1st,Jets D/ST,1,0.1
1st,Geno Smith,1,0.1
1st,Omarion Hampton,1,0.1
1st,Jonah Coleman,1,0.1
1st,Brock Bowers,1,0.1
1st,Parker Washington,1,0.1
1st,Rashod Bateman,1,0.1
1st,Nick Folk,1,0.1
1st,Packers D/ST,1,0.1
1st,Eli Heidenreich,1,0.1
1st,Joshua Palmer,1,0.1
1st,Trevor Lawrence,1,0.1
1st,Travis Hunter,1,0.1
1st,Tyreek Hill,1,0.1
1st,Patrick Mahomes,1,0.1
1st,Adonai Mitchell,1,0.1
1st,Chase McLaughlin,1,0.1
1st,Kenny Gainwell,1,0.1
1st,Xavier Worthy,1,0.1
1st,49ers D/ST,1,0.1
1st,Ja'Marr Chase,1,0.1
1st,Kyren Williams,1,0.1
1st,Dak Prescott,1,0.1
1st,Harrison Mevis,1,0.1
1st,Jayden Daniels,1,0.1
1st,Jerry Jeudy,1,0.1
1st,Chiefs D/ST,1,0.1
1st,Dalton Schultz,1,0.1
1st,James Cook III,1,0.1
1st,Rams D/ST,1,0.1
1st,Spencer Shrader,1,0.1
1st,Saquon Barkley,1,0.1
Last,Saquon Barkley,32,2.1
Last,Colston Loveland,31,2.1
Last,Sam LaPorta,29,1.9
Last,Ravens D/ST,29,1.9
Last,Omarion Hampton,29,1.9
Last,Justin Herbert,29,1.9
Last,Chuba Hubbard,28,1.9
Last,Cam Little,28,1.9
Last,Eagles D/ST,28,1.9
Last,Breece Hall,27,1.8
Last,Ladd McConkey,27,1.8
Last,RJ Harvey,27,1.8
Last,Jonathan Taylor,27,1.8
Last,DJ Moore,27,1.8
Last,Eddy Pineiro,27,1.8
Last,Amon-Ra St. Brown,26,1.7
Last,Dak Prescott,20,1.3
Last,Quinshon Judkins,19,1.3
Last,Braelon Allen,19,1.3
Last,Marvin Harrison Jr.,18,1.2
Last,Chase Brown,18,1.2
Last,Alec Pierce,18,1.2
Last,Kyle Pitts Sr.,17,1.1
Last,Michael Wilson,17,1.1
Last,MarShawn Lloyd,17,1.1
Last,Ja'Marr Chase,17,1.1
Last,Rome Odunze,17,1.1
Last,DK Metcalf,17,1.1
Last,Tetairoa McMillan,17,1.1
Last,Jaylen Waddle,17,1.1
Last,Puka Nacua,17,1.1
Last,Rashee Rice,17,1.1
Last,Deebo Samuel Sr.,16,1.1
Last,Lamar Jackson,16,1.1
Last,Dontayvion Wicks,16,1.1
Last,Drake London,16,1.1
Last,A.J. Brown,16,1.1
Last,Trevor Lawrence,16,1.1
Last,Kaelon Black,16,1.1
Last,Patrick Mahomes,16,1.1
Last,Jacory Croskey-Merritt,16,1.1
Last,J.K. Dobbins,16,1.1
Last,Kyren Williams,16,1.1
Last,David Montgomery,16,1.1
Last,Zay Flowers,15,1.0
Last,Matthew Stafford,15,1.0
Last,Jalen Coker,15,1.0
Last,Kyler Murray,15,1.0
Last,Blake Corum,15,1.0
Last,Jonah Coleman,15,1.0
Last,Evan McPherson,15,1.0
Last,Cameron Dicker,15,1.0
Last,Tony Pollard,15,1.0
Last,Wan'Dale Robinson,15,1.0
Last,Garrett Wilson,15,1.0
Last,Woody Marks,15,1.0
Last,Jameson Williams,14,0.9
Last,Vikings D/ST,14,0.9
Last,Josh Jacobs,14,0.9
Last,Luther Burden III,14,0.9
Last,Tucker Kraft,14,0.9
Last,Tyler Warren,14,0.9
Last,Javonte Williams,14,0.9
Last,Chiefs D/ST,14,0.9
Last,Bryce Young,14,0.9
Last,Chiefs Coach,14,0.9
Last,Jared Goff,14,0.9
Last,Tyler Loop,14,0.9
Last,Christian Watson,14,0.9
Last,T.J. Hockenson,14,0.9
Last,Justin Jefferson,14,0.9
Last,Dalton Kincaid,14,0.9
Last,Ollie Gordon II,14,0.9
Last,Isaiah Likely,14,0.9
Last,Baker Mayfield,14,0.9
Last,TreVeyon Henderson,13,0.9
Last,Seahawks D/ST,13,0.9
Last,Adonai Mitchell,13,0.9
Last,Kendre Miller,13,0.9
Last,Travis Etienne Jr.,13,0.9
Last,Malik Nabers,13,0.9
Last,Caleb Williams,13,0.9
Last,Denzel Boston,7,0.5
Last,Terry McLaurin,6,0.4
Last,Emeka Egbuka,6,0.4
Last,Bo Nix,6,0.4
Last,Rams D/ST,5,0.3
Last,Ka'imi Fairbairn,5,0.3
Last,Harrison Mevis,5,0.3
Last,Carnell Tate,5,0.3
Last,Courtland Sutton,5,0.3
Last,Drake Maye,4,0.3
Last,James Cook III,4,0.3
Last,Harold Fannin Jr.,4,0.3
Last,Jordan Mason,4,0.3
Last,Brandon Aubrey,4,0.3
Last,Mark Andrews,4,0.3
Last,Bijan Robinson,4,0.3
Last,Mike Washington Jr.,4,0.3
Last,Jake Ferguson,4,0.3
Last,Davante Adams,3,0.2
Last,Makai Lemon,3,0.2
Last,49ers D/ST,3,0.2
Last,Jeremiyah Love,3,0.2
Last,Brock Bowers,3,0.2
Last,Josh Downs,3,0.2
Last,Derrick Henry,3,0.2
Last,Texans D/ST,3,0.2
Last,Dalton Schultz,3,0.2
Last,Nico Collins,3,0.2
Last,Patriots D/ST,3,0.2
Last,Christian McCaffrey,3,0.2
Last,Bhayshul Tuten,3,0.2
Last,Matthew Golden,3,0.2
Last,De'Von Achane,2,0.1
Last,Mike Evans,2,0.1
Last,Keenan Allen,2,0.1
Last,Will Reichard,2,0.1
Last,Hunter Henry,2,0.1
Last,Joe Burrow,2,0.1
Last,Keaton Mitchell,2,0.1
Last,Bucky Irving,2,0.1
Last,Jalen McMillan,2,0.1
Last,Jordan Addison,2,0.1
Last,Geno Smith,2,0.1
Last,Xavier Worthy,2,0.1
Last,C.J. Stroud,2,0.1
Last,Rachaad White,2,0.1
Last,George Kittle,2,0.1
Last,Broncos D/ST,2,0.1
Last,Jaylen Warren,2,0.1
Last,Tee Higgins,2,0.1
Last,Harrison Butker,2,0.1
Last,Travis Kelce,2,0.1
Last,Isiah Pacheco,2,0.1
Last,Chris Olave,2,0.1
Last,Kyle Monangai,2,0.1
Last,Tyler Shough,2,0.1
Last,Rhamondre Stevenson,2,0.1
Last,Aaron Jones Sr.,2,0.1
Last,Tre Tucker,2,0.1
Last,Malik Washington,2,0.1
Last,George Pickens,2,0.1
Last,Sam Darnold,2,0.1
Last,CeeDee Lamb,1,0.1
Last,Cam Skattebo,1,0.1
Last,Rico Dowdle,1,0.1
Last,Khalil Shakir,1,0.1
Last,Pat Freiermuth,1,0.1
Last,Daniel Jones,1,0.1
Last,Dylan Sampson,1,0.1
Last,Alvin Kamara,1,0.1
Last,Emmett Johnson,1,0.1
Last,Jahmyr Gibbs,1,0.1
Last,Parker Washington,1,0.1
Last,Rams Coach,1,0.1
Last,Jordyn Tyson,1,0.1
Last,Ashton Jeanty,1,0.1
Last,Michael Pittman Jr.,1,0.1
Last,Jordan Love,1,0.1
Last,Chris Godwin Jr.,1,0.1
Last,Tyjae Spears,1,0.1
Last,Germie Bernard,1,0.1
Last,Tyson Bagent,1,0.1
Last,Kirk Cousins,1,0.1
Last,Tyquan Thornton,1,0.1
Last,Steelers D/ST,1,0.1
Last,DeVonta Smith,1,0.1
Last,Travis Hunter,1,0.1
Last,Buccaneers D/ST,1,0.1
Last,Browns D/ST,1,0.1
Last,Trey McBride,1,0.1
Last,Joe Flacco,1,0.1
Last,Emanuel Wilson,1,0.1
Last,Kalif Raymond,1,0.1
Last,Spencer Shrader,1,0.1
Last,Dallas Goedert,1,0.1
Last,Jadarian Price,1,0.1
Last,Jaguars D/ST,1,0.1
Last,Romeo Doubs,1,0.1
Last,Tyler Allgeier,1,0.1
Last,Tank Dell,1,0.1
Last,Lions D/ST,1,0.1
Last,Chris Boswell,1,0.1
Last,Devin Singletary,1,0.1
