Week,Category,Player,Count,Pct_of_Category
12,1st,Jaxon Smith-Njigba,5,29.4%
12,1st,Chris Olave,4,23.5%
12,1st,Derrick Henry,4,23.5%
12,1st,Jadarian Price,4,23.5%
12,1st,Tee Higgins,4,23.5%
12,1st,Kenneth Walker III,4,23.5%
12,1st,Seahawks D/ST,4,23.5%
12,1st,Juwan Johnson,3,17.6%
12,1st,George Pickens,3,17.6%
12,1st,Brock Purdy,3,17.6%
12,1st,Bijan Robinson,3,17.6%
12,1st,Michael Pittman Jr.,3,17.6%
12,1st,Christian Watson,3,17.6%
12,1st,Christian McCaffrey,3,17.6%
12,1st,George Kittle,3,17.6%
12,1st,Rams D/ST,3,17.6%
12,1st,Carnell Tate,3,17.6%
12,1st,Dak Prescott,3,17.6%
12,1st,Matthew Stafford,3,17.6%
12,1st,J.K. Dobbins,3,17.6%
12,1st,Kyren Williams,3,17.6%
12,1st,Garrett Wilson,2,11.8%
12,1st,Joe Burrow,2,11.8%
12,1st,Jaylen Warren,2,11.8%
12,1st,Jacory Croskey-Merritt,2,11.8%
12,1st,Jalen Coker,2,11.8%
12,1st,Jason Myers,2,11.8%
12,1st,David Montgomery,2,11.8%
12,1st,Parker Washington,2,11.8%
12,1st,Cam Little,2,11.8%
12,1st,Tyler Warren,2,11.8%
12,1st,D'Andre Swift,2,11.8%
12,1st,Josh Jacobs,2,11.8%
12,1st,Will Reichard,2,11.8%
12,1st,Emanuel Wilson,2,11.8%
12,1st,Trey McBride,2,11.8%
12,1st,Lamar Jackson,2,11.8%
12,1st,Dontayvion Wicks,2,11.8%
12,1st,Keenan Allen,2,11.8%
12,1st,Josh Allen,2,11.8%
12,1st,Ollie Gordon II,2,11.8%
12,1st,Jeremiyah Love,2,11.8%
12,1st,Mark Andrews,2,11.8%
12,1st,Rhamondre Stevenson,2,11.8%
12,1st,Luther Burden III,2,11.8%
12,1st,Jonathon Brooks,2,11.8%
12,1st,Dalton Kincaid,2,11.8%
12,1st,Drake London,2,11.8%
12,1st,Rome Odunze,2,11.8%
12,1st,Wan'Dale Robinson,2,11.8%
12,1st,Cameron Dicker,2,11.8%
12,1st,Xavier Worthy,2,11.8%
12,1st,Devaughn Vele,2,11.8%
12,1st,Zay Flowers,2,11.8%
12,1st,Drake Maye,2,11.8%
12,1st,Travis Kelce,2,11.8%
12,1st,Brian Thomas Jr.,2,11.8%
12,1st,Nico Collins,1,5.9%
12,1st,Breece Hall,1,5.9%
12,1st,Bucky Irving,1,5.9%
12,1st,Alec Pierce,1,5.9%
12,1st,Quentin Johnston,1,5.9%
12,1st,Chargers D/ST,1,5.9%
12,1st,Caleb Douglas,1,5.9%
12,1st,Antonio Williams,1,5.9%
12,1st,Jahmyr Gibbs,1,5.9%
12,1st,Jaylen Waddle,1,5.9%
12,1st,Matthew Golden,1,5.9%
12,1st,De'Zhaun Stribling,1,5.9%
12,1st,Mike Washington Jr.,1,5.9%
12,1st,Dalton Schultz,1,5.9%
12,1st,Brenton Strange,1,5.9%
12,1st,Vikings D/ST,1,5.9%
12,1st,CeeDee Lamb,1,5.9%
12,1st,Malik Nabers,1,5.9%
12,1st,Bhayshul Tuten,1,5.9%
12,1st,Marvin Harrison Jr.,1,5.9%
12,1st,Eddy Pineiro,1,5.9%
12,1st,Browns D/ST,1,5.9%
12,1st,Jake Ferguson,1,5.9%
12,1st,Justin Herbert,1,5.9%
12,1st,Chase Brown,1,5.9%
12,1st,Stefon Diggs,1,5.9%
12,1st,Bills Coach,1,5.9%
12,1st,Bryce Young,1,5.9%
12,1st,Emeka Egbuka,1,5.9%
12,1st,Tony Pollard,1,5.9%
12,1st,Jakobi Meyers,1,5.9%
12,1st,Woody Marks,1,5.9%
12,1st,Jayden Reed,1,5.9%
12,1st,Evan McPherson,1,5.9%
12,1st,Marcus Mariota,1,5.9%
12,1st,Saquon Barkley,1,5.9%
12,1st,Courtland Sutton,1,5.9%
12,1st,Mike Evans,1,5.9%
12,1st,Rachaad White,1,5.9%
12,1st,Spencer Shrader,1,5.9%
12,1st,Kalif Raymond,1,5.9%
12,1st,George Holani,1,5.9%
12,1st,Davante Adams,1,5.9%
12,1st,Tyler Allgeier,1,5.9%
12,1st,Khalil Shakir,1,5.9%
12,1st,Jake Bates,1,5.9%
12,1st,Alvin Kamara,1,5.9%
12,1st,Buccaneers D/ST,1,5.9%
12,1st,Malik Washington,1,5.9%
12,1st,Brock Bowers,1,5.9%
12,1st,Chris Boswell,1,5.9%
12,1st,KC Concepcion,1,5.9%
12,1st,Ja'Marr Chase,1,5.9%
12,1st,Sam LaPorta,1,5.9%
12,1st,TreVeyon Henderson,1,5.9%
12,1st,Harrison Mevis,1,5.9%
12,1st,Ravens D/ST,1,5.9%
12,1st,DJ Moore,1,5.9%
12,1st,Dallas Goedert,1,5.9%
12,1st,Patrick Mahomes,1,5.9%
12,1st,RJ Harvey,1,5.9%
12,1st,Zach Ertz,1,5.9%
12,1st,Pat Freiermuth,1,5.9%
12,1st,Ashton Jeanty,1,5.9%
12,1st,Steelers D/ST,1,5.9%
12,1st,Baker Mayfield,1,5.9%
12,1st,Chuba Hubbard,1,5.9%
12,1st,Tyjae Spears,1,5.9%
12,1st,Ka'imi Fairbairn,1,5.9%
12,1st,Isiah Pacheco,1,5.9%
12,1st,Patriots D/ST,1,5.9%
12,1st,Germie Bernard,1,5.9%
12,1st,Tyson Bagent,1,5.9%
12,1st,Kirk Cousins,1,5.9%
12,1st,Tyquan Thornton,1,5.9%
12,1st,Amon-Ra St. Brown,1,5.9%
12,1st,Makai Lemon,1,5.9%
12,1st,Jauan Jennings,1,5.9%
12,1st,Jordan Addison,1,5.9%
12,1st,Jared Goff,1,5.9%
12,1st,MarShawn Lloyd,1,5.9%
12,1st,Broncos D/ST,1,5.9%
12,1st,Kyler Murray,1,5.9%
12,Last,David Montgomery,5,29.4%
12,Last,Rashee Rice,4,23.5%
12,Last,Ollie Gordon II,4,23.5%
12,Last,Colston Loveland,4,23.5%
12,Last,Alec Pierce,4,23.5%
12,Last,Garrett Wilson,4,23.5%
12,Last,Jaylen Waddle,4,23.5%
12,Last,Evan McPherson,4,23.5%
12,Last,Justin Jefferson,3,17.6%
12,Last,Ladd McConkey,3,17.6%
12,Last,RJ Harvey,3,17.6%
12,Last,Patrick Mahomes,3,17.6%
12,Last,Dontayvion Wicks,3,17.6%
12,Last,Bryce Young,3,17.6%
12,Last,Dalton Schultz,3,17.6%
12,Last,Marvin Harrison Jr.,3,17.6%
12,Last,A.J. Brown,3,17.6%
12,Last,Terry McLaurin,3,17.6%
12,Last,Blake Corum,3,17.6%
12,Last,Bo Nix,3,17.6%
12,Last,Jalen Coker,3,17.6%
12,Last,Jonathan Taylor,3,17.6%
12,Last,TreVeyon Henderson,2,11.8%
12,Last,Jonah Coleman,2,11.8%
12,Last,Ja'Marr Chase,2,11.8%
12,Last,Joe Burrow,2,11.8%
12,Last,Rhamondre Stevenson,2,11.8%
12,Last,Jordan Mason,2,11.8%
12,Last,Malik Washington,2,11.8%
12,Last,Jeremiyah Love,2,11.8%
12,Last,Jalen Hurts,2,11.8%
12,Last,Deebo Samuel Sr.,2,11.8%
12,Last,Puka Nacua,2,11.8%
12,Last,Omarion Hampton,2,11.8%
12,Last,Justin Herbert,2,11.8%
12,Last,Eagles D/ST,2,11.8%
12,Last,Jared Goff,2,11.8%
12,Last,Woody Marks,2,11.8%
12,Last,Tyler Loop,2,11.8%
12,Last,Chase Brown,2,11.8%
12,Last,Jacory Croskey-Merritt,2,11.8%
12,Last,Texans D/ST,2,11.8%
12,Last,Travis Etienne Jr.,2,11.8%
12,Last,Josh Jacobs,2,11.8%
12,Last,Travis Kelce,2,11.8%
12,Last,Bears D/ST,2,11.8%
12,Last,Saquon Barkley,2,11.8%
12,Last,Amon-Ra St. Brown,2,11.8%
12,Last,Tyler Shough,2,11.8%
12,Last,Malik Nabers,2,11.8%
12,Last,DJ Moore,2,11.8%
12,Last,Quinshon Judkins,2,11.8%
12,Last,Courtland Sutton,2,11.8%
12,Last,Eddy Pineiro,2,11.8%
12,Last,Ravens D/ST,2,11.8%
12,Last,MarShawn Lloyd,1,5.9%
12,Last,Tucker Kraft,1,5.9%
12,Last,Seahawks D/ST,1,5.9%
12,Last,Braelon Allen,1,5.9%
12,Last,Kendre Miller,1,5.9%
12,Last,Will Reichard,1,5.9%
12,Last,Tre' Harris,1,5.9%
12,Last,Trey McBride,1,5.9%
12,Last,Bhayshul Tuten,1,5.9%
12,Last,Kyle Monangai,1,5.9%
12,Last,Chiefs D/ST,1,5.9%
12,Last,Joe Flacco,1,5.9%
12,Last,Emanuel Wilson,1,5.9%
12,Last,Kalif Raymond,1,5.9%
12,Last,Spencer Shrader,1,5.9%
12,Last,Jaxon Smith-Njigba,1,5.9%
12,Last,Cam Skattebo,1,5.9%
12,Last,Steelers D/ST,1,5.9%
12,Last,Michael Wilson,1,5.9%
12,Last,Kenyon Sadiq,1,5.9%
12,Last,Chase McLaughlin,1,5.9%
12,Last,Kyren Williams,1,5.9%
12,Last,Sam LaPorta,1,5.9%
12,Last,Wan'Dale Robinson,1,5.9%
12,Last,Cameron Dicker,1,5.9%
12,Last,Chiefs Coach,1,5.9%
12,Last,Jahmyr Gibbs,1,5.9%
12,Last,George Pickens,1,5.9%
12,Last,Jason Myers,1,5.9%
12,Last,Chris Godwin Jr.,1,5.9%
12,Last,Jordan Love,1,5.9%
12,Last,Rashid Shaheed,1,5.9%
12,Last,Tyjae Spears,1,5.9%
12,Last,Jake Elliott,1,5.9%
12,Last,Brian Robinson Jr.,1,5.9%
12,Last,Derrick Henry,1,5.9%
12,Last,Harold Fannin Jr.,1,5.9%
12,Last,Makai Lemon,1,5.9%
12,Last,Xavier Worthy,1,5.9%
12,Last,C.J. Stroud,1,5.9%
12,Last,Denzel Boston,1,5.9%
12,Last,De'Von Achane,1,5.9%
12,Last,DeVonta Smith,1,5.9%
12,Last,Dallas Goedert,1,5.9%
12,Last,Stefon Diggs,1,5.9%
12,Last,Aaron Jones Sr.,1,5.9%
12,Last,Quentin Johnston,1,5.9%
12,Last,Cairo Santos,1,5.9%
12,Last,Browns D/ST,1,5.9%
12,Last,Breece Hall,1,5.9%
12,Last,Chuba Hubbard,1,5.9%
12,Last,Caleb Williams,1,5.9%
12,Last,Vikings D/ST,1,5.9%
12,Last,Josh Allen,1,5.9%
12,Last,Rico Dowdle,1,5.9%
12,Last,Jakobi Meyers,1,5.9%
12,Last,Juwan Johnson,1,5.9%
12,Last,Michael Pittman Jr.,1,5.9%
12,Last,Emeka Egbuka,1,5.9%
12,Last,Brock Bowers,1,5.9%
12,Last,Jaylen Warren,1,5.9%
12,Last,Jake Ferguson,1,5.9%
12,Last,Mark Andrews,1,5.9%
12,Last,49ers D/ST,1,5.9%
12,Last,Jordan Addison,1,5.9%
12,Last,Nico Collins,1,5.9%
12,Last,Tyler Warren,1,5.9%
12,Last,Kenny Gainwell,1,5.9%
12,Last,Jaxson Dart,1,5.9%
12,Last,Rachaad White,1,5.9%
12,Last,Brock Purdy,1,5.9%
12,Last,De'Zhaun Stribling,1,5.9%
12,Last,Jaylin Noel,1,5.9%
12,Last,Harrison Mevis,1,5.9%
12,Last,Ryan Flournoy,1,5.9%
12,Last,Carnell Tate,1,5.9%
12,Last,Dalton Kincaid,1,5.9%
12,Last,Cam Little,1,5.9%
12,Last,Tetairoa McMillan,1,5.9%
12,Last,Lamar Jackson,1,5.9%
12,Last,J.K. Dobbins,1,5.9%
12,Last,DK Metcalf,1,5.9%
12,Last,Tony Pollard,1,5.9%
12,Last,Isaiah Likely,1,5.9%
12,Last,Sam Darnold,1,5.9%
