Team,Draft Grade,Letter Grade,League Name,Standing,Points For,Points Against,Record,Year,Owner ID
Seigaku FC,100.0,A+,EBC League,3,1924.04,1747.62,12-2-0,2022,{A34A1D3B-AB7E-49E5-8A1D-3BAB7E89E546}
The Bill Croskey Show,100.0,A+,OnP Fantasy,1,1874.84,1594.92,10-4-0,2025,{ACF2845F-A3D7-477C-962B-9C3D9AB963C5}
Bhals,100.0,A+,Brown Munde,6,1744.32,1765.94,17-11-0,2024,{0E22E7FC-569B-49C8-A313-22E034A6865F}
the   jadey bunch,98.89,A+,THE BEST OF THE BEST,2,1578.12,1397.82,11-3-0,2022,{BC7B9B1D-2B32-43B6-B744-17B9B386108B}
Peter Pan + the Lost Boys ,98.58,A+,THE BEST OF THE BEST,1,1647.74,1410.68,10-4-0,2023,{D1128929-4E7D-4D10-9289-294E7DBD10E2}
My Team Hurts,98.06,A+,RRR On Premise ,5,1726.82,1585.0,7-7-0,2023,{17471759-D3C1-4206-8612-A156BCC23AA1}
The Hungry Dogs,98.01,A+,EBC League,2,1883.06,1493.16,10-4-0,2024,{4656A2AD-A939-460B-96A2-ADA939760B8B}
Taco Tuesday Everyday,97.92,A+,THE BEST OF THE BEST,2,1682.34,1438.1,10-4-0,2024,{5BB3D15D-39B8-4E48-B3D1-5D39B84E4804}
Flock Around and Find Out,97.74,A+,The Girl's Room 💞🏈,1,1852.48,1486.38,11-4-0,2025,{3251D3F1-A2F9-4601-BEF2-9005CBB120BE}
Kenny The Tick Salcido,97.01,A+,RRR On Premise ,1,1677.82,1388.98,10-4-0,2021,{45D714CF-B0D8-49FA-9714-CFB0D859FAB7}
Becca’s Ballers,96.55,A,The Girl's Room 💞🏈,4,1677.58,1340.76,10-5-0,2025,{2CC13964-3B93-4869-A746-1634AE79F650}
At Risk of CTE,94.72,A,BP- Loudoun 2025,1,2135.22,1784.32,11-4-0,2025,{F8FBCEF4-616F-45CD-BBCE-F4616FE5CD64}
Say Cheese 🧀💚🧀,94.0,A,The Girl's Room 💞🏈,3,1718.64,1483.68,10-5-0,2025,{A3DDC0EE-C12D-4E65-8469-41034B77D8F5}
Arm Pitts,93.87,A,0755 Fantasy Football,3,1441.88,1335.36,8-5-0,2023,{B1F0C84F-7E0C-4088-B0C8-4F7E0C008826}
THE POOL,93.43,A,EBC League,1,1793.18,1696.54,8-6-0,2023,{E7893FEC-BC37-48CB-9509-34C663E71ADC}
The Chase is on,93.23,A,Game of Yards!,1,1901.26,1684.24,21-7-0,2024,{7C5105C9-0740-4E06-AF54-4D5BAF9475AC}
The  Dream crusher,93.05,A,THE BEST OF THE BEST,1,1550.78,1464.2,7-7-0,2022,{600C56A6-5DB0-42B1-8C56-A65DB022B176}
Reagor Bombs,93.02,A,RRR On Premise ,5,1785.08,1453.6,8-5-1,2021,{17471759-D3C1-4206-8612-A156BCC23AA1}
Team Rodriguez,92.42,A-,THE BEST OF THE BEST,1,1832.76,1476.6,13-1-0,2024,{ACCE4918-2F2A-4714-B49E-576D9C1F4FBB}
PAI India Division Manager,92.04,A-,Pennoni Younglings,6,1661.92,1503.3,6-8-0,2023,{4C1C5213-4BB5-4243-87AC-0BCB2D637264}
Partners for What's Possible,91.76,A-,Pennoni Younglings,3,1719.5,1589.22,9-5-0,2024,{5E530C03-3F19-48F0-A309-52B769E76347}
Team Amijaz,91.53,A-,Game of Yards!,2,1738.76,1653.88,7-7-0,2020,{E8084BA7-697B-4617-884B-A7697B7617C9}
Golden Receivers,91.17,A-,Family Fantasy,4,1892.7,1525.78,12-2-0,2024,{4656A2AD-A939-460B-96A2-ADA939760B8B}
Tush Push Director 🍑,91.17,A-,The Girl's Room 💞🏈,2,1728.14,1353.52,12-3-0,2025,{6463FE68-068E-42B0-BF9C-B0AEFD28D60C}
Cowtown Cowboys,90.78,A-,OnP Fantasy,2,1654.06,1450.14,8-6-0,2025,{ED820BF3-C942-4041-820B-F3C9425041D9}
Dr@ft King$,90.66,A-,Philly Extra Special,3,1774.36,1671.08,8-6-0,2025,{3389AE65-1498-46A0-8119-84AC1B8D92A9}
PAI Alcoholics Anonymous ,90.29,A-,Pennoni Younglings,5,1805.66,1828.46,6-8-0,2024,{0CE04EAF-1603-4259-869A-A567F9953F44}
Hungry Dogs,89.95,B+,EBC League,2,1843.64,1575.68,11-3-0,2021,{4656A2AD-A939-460B-96A2-ADA939760B8B}
Ross' Sauces,89.94,B+,Ross' Fantasy League,1,1903.42,1672.62,8-5-0,2025,{F8ED09F9-E354-49AF-ADF7-73E9D32B62EB}
Pitman MaleManipulator,89.93,B+,EBC League,6,1790.5,1823.86,6-8-0,2022,{10F78273-9201-4EE8-B782-739201DEE809}
67 Big Backs,89.66,B+,Family Fantasy,5,1746.84,1614.12,8-6-0,2025,{6056B364-2BEC-43D7-A948-C08055FA2C5F}
Dennis The Menace ,89.56,B+,RRR On Premise ,9,1663.26,1617.48,5-9-0,2021,{72E06046-9EEC-4999-A060-469EEC399959}
Kill Bills ,89.4,B+,RRR On Premise ,1,1774.32,1391.74,13-1-0,2023,{1BA8396F-D6D7-448B-870B-539450FA06F7}
Team BIGMADBLUE,89.37,B+,Game of Yards!,4,1703.36,1621.14,8-6-0,2020,{949FEE5A-4440-43DB-9FEE-5A4440A3DBBC}
Crazy Kat,89.19,B+,THE BEST OF THE BEST,4,1574.02,1339.88,11-3-0,2022,{CC5404BB-2B2C-4EBE-A0A4-BDA3D3BCE543}
Wu-Tangs Killabeez,89.19,B+,THE BEST OF THE BEST,3,1499.14,1365.04,9-5-0,2022,{8BED9748-9839-4F55-AD97-4898394F5553}
All Barkley No Bite,89.19,B+,Game of Yards!,3,1545.36,1296.2,11-2-0,2019,{7C5105C9-0740-4E06-AF54-4D5BAF9475AC}
Foxes Hopefuls,88.81,B+,BP- Loudoun 2025,4,2055.64,1846.02,11-4-0,2025,{39E08083-F55A-4B88-BF41-49FD650A38A3}
Nothing Beats A Jets 2 Holiday,88.65,B+,The Girl's Room 💞🏈,6,1612.56,1510.94,9-6-0,2025,{9979E92C-9818-4436-9671-ABA329BBE6D9}
Skibidi Rizzlers,88.41,B+,Family Fantasy,1,1763.4,1601.46,11-3-0,2025,{88877912-82AE-408B-9AD4-17D54F48BACA}
Dookey Dukes,88.34,B+,Ross' Fantasy League,11,1801.0,1857.7,5-8-0,2025,{5FC7AD9B-3FD7-48D7-8422-6FC9710A28D4}
The Upside Down,88.32,B+,THE BEST OF THE BEST,2,1560.74,1437.46,9-5-0,2025,{0DCF5E87-3D59-404C-8983-94C6C3FAD89F}
Mr Steinfeld's Stars,88.31,B+,0755 Fantasy Football,2,1729.86,1619.46,9-5-0,2025,{99C913F4-1FF6-4361-93D2-117EA19F759C}
Sutton Deez Nuts,88.17,B+,The Mike Daisy Sports IQ League,2,1934.18,1726.38,11-3-0,2025,{8FDD5AF7-2681-4166-9D5A-F72681316688}
Tortured Cheerleaders Departmnt,88.05,B+,Family Fantasy,4,1676.84,1552.62,9-5-0,2025,{8F726947-16B6-4023-8839-58DD00CD6659}
Red River Rising 💪,88.02,B+,RRR On Premise ,11,1570.08,1686.9,6-8-0,2023,{ACF2845F-A3D7-477C-962B-9C3D9AB963C5}
Pleasant Valley Panthers,87.89,B+,EBC League,8,1640.36,1810.14,4-10-0,2023,{8DC6CB03-411B-4540-86CB-03411B854029}
For Me to Poop on,87.75,B+,Family Fantasy,2,1599.36,1613.76,6-8-0,2025,{80A5169E-FE6E-46F3-A516-9EFE6EE6F368}
Team HebAchi,87.44,B+,Game of Yards!,1,1453.44,1485.84,6-8-0,2022,{49094F84-F849-4173-B052-21E1CDEDB4EF}
"Lights, Kamara, Action",87.33,B+,RRR On Premise ,13,1404.12,1562.46,5-9-0,2021,{43035DAF-DDD6-4952-835D-AFDDD6195257}
Wakanda Forever,87.31,B+,Game of Yards!,8,1434.04,1482.1,5-8-0,2019,{85C7DDE2-8C6F-4A9A-85F8-F5D550F146AC}
Team Cogs,87.25,B+,Pennoni Younglings,4,1640.26,1378.62,12-2-0,2022,{91828F94-1966-4B65-828F-9419663B65D8}
Vidhi's Spirited Team,87.22,B+,Game of Yards!,3,1884.2,1513.94,20-8-0,2025,{8AA85666-1E0A-41B3-8FEF-E502B1D08914}
Leafy Water,86.96,B,Philly Extra Special,1,1782.84,1716.08,10-4-0,2025,{E74CE5E4-052E-4573-8BBD-CEFBC6AFEF21}
Salem County Durag Snatchers,86.1,B,The Mike Daisy Sports IQ League,8,1812.04,1628.08,8-6-0,2025,{D13010D4-6FFD-4062-B010-D46FFDD062AB}
Team Vellapanti,85.81,B,Game of Yards!,6,1467.22,1454.82,8-5-0,2019,{4C1C5213-4BB5-4243-87AC-0BCB2D637264}
Wut happened uh 🤷🏽‍♂️,85.75,B,EBC League,4,1760.26,1665.64,9-5-0,2022,{33129857-4E92-4DF2-BA53-0AA5B27FA2F5}
 Johnny  Dramas ,85.69,B,RRR On Premise ,2,1637.74,1449.88,8-6-0,2023,{2EE23928-38D5-4A7D-B660-50DE7C47A645}
U Lost to a Red Bull Rookie,85.58,B,OnP Fantasy,6,1727.92,1612.76,7-7-0,2025,{DC54E68B-78AB-440A-9F0D-63BD7172C682}
Chill YNs,85.58,B,Ross' Fantasy League,4,1887.88,1672.54,9-4-0,2025,{61563278-5915-4089-8B19-0BFACDFA9B38}
Prahlad's Ghost,85.44,B,Pennoni Younglings,4,1722.7,1646.42,8-6-0,2025,{0FCD52B7-4836-49D1-8E35-7FFB99B37B42}
Team Rodriguez,85.18,B,THE BEST OF THE BEST,1,1600.66,1444.68,10-4-0,2025,{ACCE4918-2F2A-4714-B49E-576D9C1F4FBB}
Lamb of Goedert,85.06,B,The Girl's Room 💞🏈,15,1454.76,1591.68,5-10-0,2025,{4DBC9875-C246-495B-9731-408DC5E2DFCE}
19th St Halal Cart,84.98,B,Pennoni Younglings,3,1661.48,1543.12,10-4-0,2023,{DC811D3C-5EC4-4818-8E91-66D1350A42D2}
Werewolves of London,84.95,B,EBC League,3,1726.68,1538.4,9-5-0,2025,{4656A2AD-A939-460B-96A2-ADA939760B8B}
Peter Pan + the Lost Boys ,84.94,B,THE BEST OF THE BEST,6,1497.68,1465.54,7-7-0,2025,{D1128929-4E7D-4D10-9289-294E7DBD10E2}
Amon Yo Ass Boy,84.83,B,The Mike Daisy Sports IQ League,9,1618.3,1721.22,7-7-0,2025,{8F080C99-8FBE-4E90-880C-998FBE9E9061}
Riley  Read option,84.69,B,EBC League,3,1723.68,1609.62,11-3-0,2023,{6C5C9AAC-ABFF-4A0B-8E79-850BC109731F}
Off Script ,84.65,B,THE BEST OF THE BEST,2,1556.32,1363.82,9-5-0,2023,{BF8C828B-DE26-4592-8C82-8BDE2675929B}
CeeDee'sNUTZ,84.58,B,The Mike Daisy Sports IQ League,4,1936.66,1725.9,10-4-0,2025,{76625186-E5C0-4260-9AB2-240171B7C267}
Numb Nutz - CHAMP,84.46,B,Family Fantasy,1,1499.72,1502.28,8-6-0,2024,{44E96D81-20A7-4A88-AA77-7AF689BE12D7}
Philadelphia Bills Mafia,84.43,B,Pennoni Younglings,1,1770.28,1620.18,9-5-0,2025,{A279F58E-795F-4115-B9F5-8E795F7115FC}
Division iPad,84.22,B,0755 Fantasy Football,2,1708.4,1621.36,11-3-0,2024,{A279F58E-795F-4115-B9F5-8E795F7115FC}
Team Behel,84.19,B,RRR On Premise ,10,1511.32,1555.66,6-8-0,2021,{59EB215C-D5A2-4E2A-B66E-E96ABD1A9B82}
Cans in My Hands,84.06,B,OnP Fantasy,7,1405.76,1489.32,6-8-0,2025,{72229BCA-0BDD-40B0-82E9-ACB1D4104500}
Nikki  ,83.86,B,The Girl's Room 💞🏈,5,1554.72,1436.82,9-6-0,2025,{E358DE2E-F3F6-4E5C-BD8F-18CC4AD28D6C}
Pleasant Valley Panthers,83.83,B,EBC League,3,1710.14,1757.36,6-8-0,2021,{8DC6CB03-411B-4540-86CB-03411B854029}
Eli,83.79,B,Pennoni Younglings,2,1633.28,1560.4,8-6-0,2025,{4406D5E2-027E-496A-8DB3-92E87CDFFD33}
India's Most Wanted,83.7,B,0755 Fantasy Football,9,1409.56,1463.8,4-9-0,2023,{0FCD52B7-4836-49D1-8E35-7FFB99B37B42}
"Bad, Bad, A.J. Brown",83.6,B,BP- Loudoun 2025,2,1992.62,1832.08,10-5-0,2025,{10FCCFDD-378B-48B3-9235-1B7FE979B565}
19th St Halal Cart,83.32,B,Pennoni Younglings,7,1539.04,1410.0,9-5-0,2022,{DC811D3C-5EC4-4818-8E91-66D1350A42D2}
Abyss Diamond Eyes,83.21,B,EBC League,1,1738.42,1478.9,12-2-0,2025,{9AE3AD76-F6D3-4C3E-B0CB-3A5B9E1C501A}
Gabe's Grand Team,83.17,B,Family Fantasy,6,1450.04,1623.68,8-6-0,2025,{252B710A-A1BF-4BDD-93A8-A65DA1410626}
Skibidi Rizzlers,83.13,B,Family Fantasy,5,1727.26,1603.94,8-6-0,2024,{88877912-82AE-408B-9AD4-17D54F48BACA}
Whole lotta gang sheed,83.09,B,The Mike Daisy Sports IQ League,6,1661.8,1650.02,8-6-0,2025,{474CA494-4AD5-4520-A2B3-20C7F8715363}
Pain Inflictors,83.05,B,Game of Yards!,2,1584.74,1456.54,10-4-0,2021,{4802A561-2D04-4FD7-AFB4-E8C5CDCD4C04}
Hark,83.04,B,Brown Munde,7,1546.54,1521.66,14-14-0,2024,{8BF15A87-7793-43C2-B15A-87779313C26A}
Philadelphia British Army,82.95,B-,Pennoni Younglings,1,1482.64,1367.84,8-6-0,2022,{65213399-AD95-4113-B087-DAB0440DEF10}
Papa Murphy’s Pizza,82.78,B-,Ross' Fantasy League,12,1776.08,1786.08,7-6-0,2025,{4F687E43-B817-4279-A344-79DC261E83B4}
Eks Gonna Give It To Ya!,82.66,B-,Brown Munde,5,1587.9,1514.54,7-7-0,2023,{7C5105C9-0740-4E06-AF54-4D5BAF9475AC}
PAI Alcoholics Anonymous ,82.53,B-,Pennoni Younglings,3,1463.36,1518.54,7-7-0,2022,{0CE04EAF-1603-4259-869A-A567F9953F44}
Tracey Time,82.5,B-,BP- Loudoun 2025,10,1781.9,1881.82,6-9-0,2025,{7620C450-A7B4-4E78-82D4-83946B8B23FC}
Bear Down,82.47,B-,RRR On Premise ,3,1753.02,1607.2,8-6-0,2023,{CC0C30CA-933C-4702-B525-0B223914CD0B}
Abyss Diamond Eyes,82.42,B-,EBC League,7,1709.48,1811.9,4-10-0,2022,{9AE3AD76-F6D3-4C3E-B0CB-3A5B9E1C501A}
NoHalfSends,82.18,B-,Brown Munde,2,1653.76,1628.9,8-6-0,2023,{6A39F767-40D1-4825-B0A7-1D20433A3184}
Team Padodara,82.16,B-,Brown Munde,4,1632.56,1588.82,9-5-0,2023,{1821880B-3A19-4F7F-8EE2-9DEEC03B465E}
Peter Pan + the Lost Boys ,82.09,B-,THE BEST OF THE BEST,7,1532.54,1439.04,10-4-0,2024,{D1128929-4E7D-4D10-9289-294E7DBD10E2}
Christian McCalf-Injury,82.06,B-,Pennoni Younglings,8,1571.2,1584.4,6-8-0,2025,{E5F04052-4D5B-41A7-B040-524D5BF1A7E1}
19th St Halal Cart,82.0,B-,Pennoni Younglings,3,1670.86,1538.04,10-4-0,2025,{DC811D3C-5EC4-4818-8E91-66D1350A42D2}
 Johnny  Dramas ,81.8,B-,RRR On Premise ,6,1634.8,1631.44,7-7-0,2021,{80A1B4AF-9D17-4408-BDA1-9667BD326651}
Stiff Armed and Dangerous,81.72,B-,Game of Yards!,2,1598.32,1399.44,10-4-0,2022,{CFED3745-01A7-4D35-B869-DD322FB8CCE1}
Pure Mature,81.62,B-,EBC League,1,1807.36,1600.98,8-6-0,2021,{6C5C9AAC-ABFF-4A0B-8E79-850BC109731F}
Team Rodriguez,81.56,B-,THE BEST OF THE BEST,9,1375.7,1425.3,4-10-0,2022,{ACCE4918-2F2A-4714-B49E-576D9C1F4FBB}
Multiple Scoregasm,81.51,B-,Game of Yards!,6,1565.54,1553.54,8-6-0,2020,{65AA71E4-A3D5-46CC-A222-C0C93E886D81}
Team Schottler,81.48,B-,BP- Loudoun 2025,6,1865.68,1816.06,7-7-1,2025,{E7CC7F46-F717-486C-97F3-AA57BBB5769A}
All my homies hate Dallas,81.32,B-,0755 Fantasy Football,7,1603.52,1603.86,7-7-0,2025,{CA88790D-FA73-4DE0-B975-466F5EE06CAA}
the   jadey bunch,81.21,B-,THE BEST OF THE BEST,6,1521.34,1528.08,6-8-0,2023,{BC7B9B1D-2B32-43B6-B744-17B9B386108B}
Team HebAchi,81.16,B-,Game of Yards!,7,1435.8,1539.92,12-16-0,2023,{49094F84-F849-4173-B052-21E1CDEDB4EF}
Gridiron Grace,81.11,B-,The Girl's Room 💞🏈,17,1546.94,1602.74,6-9-0,2025,{2C5A506D-2152-485A-A901-E0C1F08F8915}
Patrick's Stars,81.07,B-,0755 Fantasy Football,10,1771.38,1777.64,7-7-0,2024,{99C913F4-1FF6-4361-93D2-117EA19F759C}
The Real Kevin Nichols,81.01,B-,Philly Extra Special,6,1629.38,1735.26,6-8-0,2025,{DFBF45BA-746C-4337-BF45-BA746C73373F}
Philadelphia Bills Mafia,80.93,B-,Pennoni Younglings,8,1551.24,1703.48,5-9-0,2024,{A279F58E-795F-4115-B9F5-8E795F7115FC}
Ler of the Rings,80.88,B-,Operators Football League,6,1733.26,1472.72,9-5-0,2025,{16EDDDAE-9081-4D42-ADDD-AE90817D4247}
Olave Another,80.79,B-,0755 Fantasy Football,5,1744.22,1643.28,8-6-0,2024,{41DB8DCC-B03B-4144-9B8D-CCB03BA144A2}
19th St Halal Cart,80.41,B-,Pennoni Younglings,7,1703.48,1455.36,9-5-0,2024,{DC811D3C-5EC4-4818-8E91-66D1350A42D2}
Bryson Stott Fan Club,80.29,B-,EBC League,3,1652.7,1708.06,6-8-0,2024,{10F78273-9201-4EE8-B782-739201DEE809}
Pain Inflictors,80.28,B-,Game of Yards!,4,1574.92,1431.12,10-3-0,2019,{4802A561-2D04-4FD7-AFB4-E8C5CDCD4C04}
Team HebAchi,80.28,B-,Game of Yards!,2,1749.4,1601.44,22-6-0,2024,{49094F84-F849-4173-B052-21E1CDEDB4EF}
Yangblood Bravesheart,80.23,B-,BP- Loudoun 2025,5,1976.58,1848.86,9-6-0,2025,{E2B51AC9-D133-4155-B51A-C9D133E155BA}
All my homies hate Dallas,80.22,B-,0755 Fantasy Football,4,1671.82,1631.78,8-6-0,2024,{CA88790D-FA73-4DE0-B975-466F5EE06CAA}
Steenage Mutant Ninja Turtles,80.17,B-,Philly Extra Special,5,1775.46,1726.06,6-7-1,2025,{F52EDAFE-42E8-4DD6-9DB5-61536C3C6528}
Toby's Favorite Employee,80.16,B-,RRR On Premise ,7,1578.4,1574.24,8-6-0,2023,{45D714CF-B0D8-49FA-9714-CFB0D859FAB7}
Pain Inflictors,80.02,B-,Game of Yards!,2,1551.78,1421.72,17-11-0,2023,{4802A561-2D04-4FD7-AFB4-E8C5CDCD4C04}
Team HebAchi,80.02,B-,Game of Yards!,4,1790.16,1704.08,20-8-0,2025,{49094F84-F849-4173-B052-21E1CDEDB4EF}
Men in Tight(End)s,79.91,C+,The Girl's Room 💞🏈,14,1578.64,1531.64,7-8-0,2025,{337D12A9-D79A-4DBC-BD12-A9D79ACDBCEB}
Champagne  Papi ,79.88,C+,EBC League,2,1919.74,1750.16,8-6-0,2022,{E7893FEC-BC37-48CB-9509-34C663E71ADC}
Wakanda Forever,79.65,C+,Game of Yards!,5,1429.38,1500.88,14-14-0,2023,{85C7DDE2-8C6F-4A9A-85F8-F5D550F146AC}
I'm Batman,79.6,C+,0755 Fantasy Football,5,1602.8,1608.18,8-6-0,2025,{03E31D1D-A927-47A0-B1C9-F4AD3AF7BFB8}
BurgerBoyz,79.51,C+,Brown Munde,7,1570.74,1675.16,6-8-0,2023,{CFED3745-01A7-4D35-B869-DD322FB8CCE1}
I'm Batman,79.44,C+,0755 Fantasy Football,1,1738.84,1611.66,10-4-0,2024,{03E31D1D-A927-47A0-B1C9-F4AD3AF7BFB8}
Inter Miami CF,79.43,C+,EBC League,4,1833.12,1860.7,8-6-0,2023,{A34A1D3B-AB7E-49E5-8A1D-3BAB7E89E546}
MOTHER MAY I,79.33,C+,0755 Fantasy Football,4,1523.6,1451.08,9-5-0,2022,{5E530C03-3F19-48F0-A309-52B769E76347}
Oh My Josh,79.32,C+,Family Fantasy,3,1756.98,1712.94,9-5-0,2024,{5134AA18-1271-4376-B91C-1EECCCFF2E92}
The Man In Jahmyrror,79.18,C+,Brown Munde,4,1837.96,1692.14,21-7-0,2025,{7C5105C9-0740-4E06-AF54-4D5BAF9475AC}
Pleasant Valley Panthers,79.02,C+,EBC League,1,1721.44,1453.88,10-4-0,2024,{8DC6CB03-411B-4540-86CB-03411B854029}
Breezy’s Bros,78.99,C+,The Girl's Room 💞🏈,16,1439.48,1600.12,6-8-1,2025,{C582F37F-EA8C-4A16-802F-468A6362CA16}
Inter Miami CF,78.98,C+,EBC League,6,1700.82,1617.34,9-5-0,2024,{A34A1D3B-AB7E-49E5-8A1D-3BAB7E89E546}
Hormones For You,78.95,C+,Family Fantasy,12,1503.4,1573.94,6-8-0,2025,{D0CA38D4-82C5-48C1-8974-77C7B710B5EB}
Cor Dawg Dub City,78.94,C+,RRR On Premise ,8,1406.3,1603.04,6-8-0,2021,{1BDB0487-CF40-4A45-8003-F05E7CA99444}
"No, This Is Patrick!",78.94,C+,OnP Fantasy,4,1569.32,1473.76,11-3-0,2025,{95F44A62-C032-49BB-9961-F1B40077DCE9}
PAI Alcoholics Anonymous ,78.73,C+,Pennoni Younglings,5,1645.28,1727.86,6-8-0,2025,{0CE04EAF-1603-4259-869A-A567F9953F44}
Chasing Flowers,78.64,C+,THE BEST OF THE BEST,4,1531.7,1462.96,8-6-0,2025,{BF8C828B-DE26-4592-8C82-8BDE2675929B}
Still Rollin',78.57,C+,Brown Munde,1,1706.28,1514.14,10-4-0,2023,{4C1C5213-4BB5-4243-87AC-0BCB2D637264}
3rd World Immigrant,78.52,C+,0755 Fantasy Football,3,1827.14,1741.1,8-6-0,2024,{4C1C5213-4BB5-4243-87AC-0BCB2D637264}
THE BIGMADBLUE,78.47,C+,Game of Yards!,1,1561.24,1464.36,17-11-0,2023,{949FEE5A-4440-43DB-9FEE-5A4440A3DBBC}
I'd_Tap_ That,78.41,C+,Pennoni Younglings,7,1436.46,1486.82,6-8-0,2023,{8E853A19-B927-4F0B-B78A-85B0F21BBBBB}
It HURTS being an Eagles fan ,78.38,C+,THE BEST OF THE BEST,4,1568.32,1524.64,9-5-0,2024,{BF8C828B-DE26-4592-8C82-8BDE2675929B}
Hot Sauce 'n' Bananas,78.32,C+,0755 Fantasy Football,6,1538.78,1492.98,7-7-0,2022,{03E31D1D-A927-47A0-B1C9-F4AD3AF7BFB8}
Pleasant Valley Panthers,78.3,C+,EBC League,6,1699.16,1682.18,8-6-0,2025,{8DC6CB03-411B-4540-86CB-03411B854029}
Prahlad's Ghost,78.19,C+,Pennoni Younglings,1,1678.7,1729.84,7-7-0,2024,{0FCD52B7-4836-49D1-8E35-7FFB99B37B42}
Toon Squad,78.15,C+,THE BEST OF THE BEST,4,1550.0,1383.84,8-6-0,2023,{BD7AF362-BC31-4D1A-A4CE-6ECF15A3FD16}
Office Director,78.12,C+,0755 Fantasy Football,1,1478.2,1317.16,9-5-0,2022,{4C1C5213-4BB5-4243-87AC-0BCB2D637264}
Team Vellapanti,78.01,C+,Game of Yards!,7,1568.8,1599.84,6-8-0,2021,{4C1C5213-4BB5-4243-87AC-0BCB2D637264}
Oh My Josh,77.85,C+,Family Fantasy,3,1767.62,1538.08,8-6-0,2025,{5134AA18-1271-4376-B91C-1EECCCFF2E92}
Bli Erinker,77.81,C+,Pennoni Younglings,2,1606.66,1526.16,7-7-0,2023,{4406D5E2-027E-496A-8DB3-92E87CDFFD33}
Team BB,77.76,C+,Brown Munde,5,1698.62,1709.66,16-12-0,2025,{5E7FB20B-E820-4BAD-BFB2-0BE820DBADF3}
SIGMAS,77.75,C+,Family Fantasy,9,1627.64,1578.98,6-8-0,2024,{6056B364-2BEC-43D7-A948-C08055FA2C5F}
Faith's Fantastic Team,77.71,C+,The Girl's Room 💞🏈,9,1444.1,1554.92,6-9-0,2025,{06A97A56-FAD2-4E95-B9D4-B3702CA829AE}
Bryson Stott Fan Club,77.69,C+,EBC League,2,1771.38,1719.38,7-7-0,2023,{10F78273-9201-4EE8-B782-739201DEE809}
Wakanda Forever,77.69,C+,Game of Yards!,1,1591.16,1540.32,9-5-0,2020,{85C7DDE2-8C6F-4A9A-85F8-F5D550F146AC}
PHL Mike,77.62,C+,0755 Fantasy Football,8,1334.22,1557.38,6-8-0,2022,{C9BB5EBF-5B95-444A-A2BC-43CEA8B6DC9E}
Toon Squad,77.53,C+,THE BEST OF THE BEST,5,1540.86,1482.78,9-5-0,2025,{BD7AF362-BC31-4D1A-A4CE-6ECF15A3FD16}
Chase Ball. Touchdown!,77.49,C+,Ross' Fantasy League,2,1732.48,1674.42,8-5-0,2025,{FDCCB170-6343-4A5C-BBA2-4A7EE4C6F76A}
Red Zone Risk Assessors,77.44,C+,Pennoni Younglings,9,1502.46,1647.96,6-8-0,2025,{6FB8D500-4E34-47B8-9028-B156BEC56621}
Scrappy Dub,77.44,C+,0755 Fantasy Football,4,1701.56,1673.8,7-7-0,2025,{B1F0C84F-7E0C-4088-B0C8-4F7E0C008826}
Gabe's Grand Team,77.43,C+,Family Fantasy,6,1561.02,1606.96,7-7-0,2024,{252B710A-A1BF-4BDD-93A8-A65DA1410626}
Kevin Nichols The Third,77.38,C+,Philly Extra Special,9,1578.26,1748.24,5-9-0,2025,{E95CA752-6CD0-4670-853B-0AA8A2FDF295}
Balls@ck Gafoor,77.33,C+,Ross' Fantasy League,5,1785.24,1849.18,7-6-0,2025,{ED03B9B7-0400-49D3-9ED6-622F04F546F8}
Multiple Scoregasm,77.33,C+,Game of Yards!,1,1371.22,1364.94,7-6-0,2019,{65AA71E4-A3D5-46CC-A222-C0C93E886D81}
Came and Wentz,77.26,C+,Pennoni Younglings,6,1651.04,1608.9,9-5-0,2024,{C184521A-CEAF-42DB-8452-1ACEAFE2DBB7}
Killler jatt ,77.19,C+,Brown Munde,3,1640.04,1423.32,11-3-0,2023,{60C8783C-68C6-446B-8A96-6FF3C6BDC774}
"All Barkley, No Bite",77.19,C+,Brown Munde,8,1398.2,1798.9,1-13-0,2023,{65AA71E4-A3D5-46CC-A222-C0C93E886D81}
Hall Pass,77.15,C+,Operators Football League,3,1573.48,1616.5,6-8-0,2025,{9417088B-0880-4F8A-A127-759BF41D4603}
It's Britney's Bench,77.11,C+,0755 Fantasy Football,8,1622.32,1779.1,3-11-0,2024,{30B3E10C-D363-4E74-8961-7D4829DE152A}
The Truth Hurts,77.09,C+,THE BEST OF THE BEST,6,1361.56,1456.32,6-8-0,2022,{BF8C828B-DE26-4592-8C82-8BDE2675929B}
NoHalfSends,77.04,C+,Brown Munde,2,1632.4,1571.48,16-12-0,2025,{6A39F767-40D1-4825-B0A7-1D20433A3184}
Team BB,76.89,C,Brown Munde,1,1782.94,1739.9,16-12-0,2024,{5E7FB20B-E820-4BAD-BFB2-0BE820DBADF3}
Dennis The Menace ,76.89,C,RRR On Premise ,4,1607.1,1507.18,8-6-0,2023,{72E06046-9EEC-4999-A060-469EEC399959}
Club Penguins,76.88,C,Ross' Fantasy League,3,1901.58,1752.6,8-5-0,2025,{B09021F7-1FD3-4A7C-88A1-FF4EDDEA2BAE}
"All Barkley, No Bite",76.85,C,Brown Munde,1,1584.74,1542.34,16-12-0,2025,{65AA71E4-A3D5-46CC-A222-C0C93E886D81}
Terrell Suggs to be you,76.8,C,THE BEST OF THE BEST,5,1591.8,1522.56,7-7-0,2024,{F36C2167-D2A7-474C-A7DF-4FA5C1F3868B}
Pitman OBJYN,76.78,C,EBC League,4,1713.52,1867.46,6-8-0,2021,{10F78273-9201-4EE8-B782-739201DEE809}
Team Daisey,76.61,C,The Mike Daisy Sports IQ League,5,1731.18,1681.52,7-7-0,2025,{67B022C6-A862-4E4E-B022-C6A8627E4E95}
The Golden Receivers,76.58,C,Pennoni Younglings,2,1553.28,1480.06,10-4-0,2022,{4656A2AD-A939-460B-96A2-ADA939760B8B}
Natural rack,76.55,C,Operators Football League,1,1679.3,1367.8,11-3-0,2025,{D6BE629A-CDFF-4E0C-9979-BFE0C45F3007}
TUFF,76.46,C,Ross' Fantasy League,7,1699.76,1886.94,3-10-0,2025,{B644AC1E-B15A-492F-90A8-E74A28ECCC48}
MPT Phase Tua,76.37,C,0755 Fantasy Football,8,1301.06,1267.5,6-7-0,2023,{41DB8DCC-B03B-4144-9B8D-CCB03BA144A2}
Book of MoreMoms,76.37,C,Pennoni Younglings,1,1494.1,1429.76,9-5-0,2023,{5E530C03-3F19-48F0-A309-52B769E76347}
Frisco Cougars,76.34,C,RRR On Premise ,8,1341.72,1479.96,4-10-0,2023,{AAD245A4-298A-4362-A70B-5F838E0D6F64}
MPT Phase1A,76.14,C,0755 Fantasy Football,5,1498.32,1577.38,6-8-0,2022,{41DB8DCC-B03B-4144-9B8D-CCB03BA144A2}
Team TitBit,75.98,C,Game of Yards!,3,1621.7,1557.74,9-5-0,2020,{CFED3745-01A7-4D35-B869-DD322FB8CCE1}
Brown Munde,75.95,C,Game of Yards!,6,1676.52,1548.38,16-12-0,2024,{60CC5CD8-3581-4D90-95A9-86CD9BECD0C9}
Still Rollin',75.85,C,Brown Munde,3,1753.78,1403.54,21-7-0,2024,{4C1C5213-4BB5-4243-87AC-0BCB2D637264}
Wakanda Forever,75.76,C,Game of Yards!,4,1693.36,1455.66,8-6-0,2021,{85C7DDE2-8C6F-4A9A-85F8-F5D550F146AC}
Riley  Read option,75.65,C,EBC League,8,1414.26,1830.54,3-11-0,2024,{6C5C9AAC-ABFF-4A0B-8E79-850BC109731F}
Michael's Monstrous Team,75.63,C,THE BEST OF THE BEST,7,1492.0,1421.18,8-6-0,2025,{7EB13D07-3786-475B-8AE7-B42DB70413CD}
Febreze Brothers,75.62,C,THE BEST OF THE BEST,3,1497.0,1336.64,8-6-0,2025,{A8781626-DB52-4D55-B816-26DB528D55B6}
BurgerBoyz,75.62,C,Brown Munde,3,1739.02,1478.1,18-10-0,2025,{CFED3745-01A7-4D35-B869-DD322FB8CCE1}
Maid of Honor,75.55,C,THE BEST OF THE BEST,7,1504.96,1537.72,7-7-0,2023,{5867E53A-DE09-40ED-A71A-B4A9CA80E2EA}
Crunchwrap Crew,75.5,C,THE BEST OF THE BEST,9,1426.1,1506.98,7-7-0,2025,{07C11068-0E2F-433A-AA64-CF7A44FB08B7}
Fresh Prince  Of Hel-Aire,75.48,C,Game of Yards!,10,1425.6,1477.92,7-7-0,2020,{7C5105C9-0740-4E06-AF54-4D5BAF9475AC}
Team CTE,75.46,C,Game of Yards!,6,1520.44,1578.68,8-6-0,2022,{65AA71E4-A3D5-46CC-A222-C0C93E886D81}
Team Cogs,75.46,C,Pennoni Younglings,10,1598.58,1611.14,5-9-0,2024,{91828F94-1966-4B65-828F-9419663B65D8}
Division iPad,75.44,C,0755 Fantasy Football,6,1649.48,1701.7,8-6-0,2025,{A279F58E-795F-4115-B9F5-8E795F7115FC}
the   jadey bunch,75.34,C,THE BEST OF THE BEST,12,1413.48,1551.68,5-9-0,2025,{BC7B9B1D-2B32-43B6-B744-17B9B386108B}
 Johnny  Dramas ,75.32,C,OnP Fantasy,10,1536.34,1595.7,5-9-0,2025,{2EE23928-38D5-4A7D-B660-50DE7C47A645}
Pennoni Adjacent,75.27,C,Pennoni Younglings,9,1392.0,1490.24,5-9-0,2023,{4FB9792B-D0E9-407C-A000-A60B0F30DB08}
NoHalfSends,75.27,C,Brown Munde,2,1622.7,1627.56,19-9-0,2024,{6A39F767-40D1-4825-B0A7-1D20433A3184}
Is it Hockey Season?,75.23,C,THE BEST OF THE BEST,8,1533.36,1423.14,9-5-0,2025,{5867E53A-DE09-40ED-A71A-B4A9CA80E2EA}
Toon Squad,75.12,C,THE BEST OF THE BEST,9,1398.7,1494.5,4-10-0,2024,{BD7AF362-BC31-4D1A-A4CE-6ECF15A3FD16}
The  Dream crusher,75.05,C,THE BEST OF THE BEST,5,1595.4,1339.04,10-4-0,2023,{600C56A6-5DB0-42B1-8C56-A65DB022B176}
Here 4 fun,74.89,C,0755 Fantasy Football,5,1507.28,1361.1,8-5-0,2023,{CA88790D-FA73-4DE0-B975-466F5EE06CAA}
Face Down Sacks Up,74.81,C,The Girl's Room 💞🏈,7,1700.2,1617.32,7-7-1,2025,{406D4692-3C67-4DBA-B1E3-5736014C31B1}
Sporty Jess,74.8,C,BP- Loudoun 2025,9,1823.2,2064.44,5-10-0,2025,{67B61FF5-4A13-4CFA-B61F-F54A13BCFAC4}
Dennis The Menace ,74.79,C,OnP Fantasy,5,1519.2,1535.06,8-6-0,2025,{72E06046-9EEC-4999-A060-469EEC399959}
Titan Up,74.7,C,RRR On Premise ,2,1716.78,1517.56,10-4-0,2021,{2B6C7E1E-0755-48FB-89CE-4CFFA3D5DC1A}
Brown Munde,74.59,C,Game of Yards!,3,1610.14,1438.96,17-11-0,2023,{60CC5CD8-3581-4D90-95A9-86CD9BECD0C9}
South East  Anbu ,74.53,C,EBC League,8,1499.5,1846.14,4-10-0,2021,{7C989087-DC3A-4135-A9F9-563E420927D1}
I've Got  A Thielen,74.51,C,RRR On Premise ,4,1430.78,1497.74,9-5-0,2021,{ACF2845F-A3D7-477C-962B-9C3D9AB963C5}
Bhambhwani Pawan Dilip,74.44,C,Game of Yards!,5,1586.96,1427.38,8-6-0,2022,{5E7FB20B-E820-4BAD-BFB2-0BE820DBADF3}
THE POOL ,74.4,C,EBC League,8,1617.86,1815.94,5-9-0,2025,{E7893FEC-BC37-48CB-9509-34C663E71ADC}
Fear the Turtle,74.38,C,BP- Loudoun 2025,7,1882.92,1926.22,6-9-0,2025,{2D0A9ED9-7CEF-491E-A06F-8EA650E59725}
Brady Gaga,74.34,C,0755 Fantasy Football,10,1327.54,1401.0,4-8-0,2023,{99C913F4-1FF6-4361-93D2-117EA19F759C}
OBJYN,74.28,C,EBC League,5,1529.02,1548.92,8-6-0,2025,{10F78273-9201-4EE8-B782-739201DEE809}
Daddy's Finally Home,74.28,C,Pennoni Younglings,7,1687.78,1540.16,8-6-0,2025,{4C1C5213-4BB5-4243-87AC-0BCB2D637264}
Rizzo's Crash Test Dummy,74.2,C,Pennoni Younglings,8,1431.64,1428.6,6-8-0,2022,{0FCD52B7-4836-49D1-8E35-7FFB99B37B42}
3rd World Immigrant,74.16,C,0755 Fantasy Football,3,1735.24,1699.32,7-7-0,2025,{4C1C5213-4BB5-4243-87AC-0BCB2D637264}
Nicole's Nifty Team,73.88,C,The Girl's Room 💞🏈,13,1246.62,1451.8,5-10-0,2025,{17F30800-A7FB-486F-A8C5-04FBF8270D9B}
Wu-Tangs Killabeez,73.87,C,THE BEST OF THE BEST,10,1440.78,1464.58,6-8-0,2023,{8BED9748-9839-4F55-AD97-4898394F5553}
Dirty Tone and  The Boys,73.82,C,THE BEST OF THE BEST,14,1410.12,1429.24,5-9-0,2022,{54A194E0-EC0C-432D-A194-E0EC0C832DAC}
Njigba's in Paris,73.81,C,The Mike Daisy Sports IQ League,7,1657.16,1612.92,7-7-0,2025,{71E3346E-E19C-4E2B-B201-2ED713E82FBA}
Amon a Mission,73.8,C,Game of Yards!,8,1506.68,1564.74,13-15-0,2023,{4C1C5213-4BB5-4243-87AC-0BCB2D637264}
Book of MoreMoms,73.76,C,Pennoni Younglings,6,1467.52,1359.5,7-7-0,2022,{5E530C03-3F19-48F0-A309-52B769E76347}
Griddy Little Liars,73.74,C,0755 Fantasy Football,10,1671.86,1686.96,6-8-0,2025,{F8041501-6351-4CA9-A6EA-E7101A0AB6C6}
i just wasted $20,73.69,C,Philly Extra Special,7,1552.56,1604.5,6-8-0,2025,{3BBCE971-7F4C-4D6F-AC1B-79EFC1DACB23}
Eli,73.63,C,Pennoni Younglings,9,1620.04,1662.54,5-9-0,2024,{4406D5E2-027E-496A-8DB3-92E87CDFFD33}
Rollin' with Mahomies,73.59,C,THE BEST OF THE BEST,12,1385.48,1512.34,6-8-0,2023,{F36C2167-D2A7-474C-A7DF-4FA5C1F3868B}
BB,73.58,C,Game of Yards!,9,1539.02,1681.64,9-19-0,2024,{5E7FB20B-E820-4BAD-BFB2-0BE820DBADF3}
Derk Prerscert,73.57,C,BP- Loudoun 2025,8,1857.74,1893.18,7-8-0,2025,{C13611CA-DD4A-4EA6-B706-B9D3BAE99D5F}
Brown Munde,73.5,C,Game of Yards!,9,1500.82,1595.36,5-9-0,2022,{60CC5CD8-3581-4D90-95A9-86CD9BECD0C9}
Team Rodriguez,73.46,C,THE BEST OF THE BEST,13,1405.18,1547.14,6-8-0,2023,{ACCE4918-2F2A-4714-B49E-576D9C1F4FBB}
Run CMC,73.34,C,Game of Yards!,4,1598.48,1513.0,18-10-0,2023,{7C5105C9-0740-4E06-AF54-4D5BAF9475AC}
Abyss Diamond Eyes,73.26,C,EBC League,5,1794.56,1806.04,7-7-0,2023,{9AE3AD76-F6D3-4C3E-B0CB-3A5B9E1C501A}
Team TitBit,73.21,C,Game of Yards!,8,1634.5,1681.14,6-8-0,2021,{CFED3745-01A7-4D35-B869-DD322FB8CCE1}
Bench Warmer,73.13,C,RRR On Premise ,12,1339.76,1764.64,4-10-0,2023,{0F0E5482-7DA5-4CF1-BA17-D025B6E79526}
"Baby Chark, Juju Juju ",73.04,C,0755 Fantasy Football,2,1362.68,1369.5,9-4-0,2023,{30B3E10C-D363-4E74-8961-7D4829DE152A}
BetterThanDeanAtSF6,72.97,C-,Ross' Fantasy League,6,1812.44,1682.46,8-5-0,2025,{97D2EB78-E92D-4E1F-94B3-CE836B504199}
Brown Munde,72.8,C-,Game of Yards!,5,1577.84,1795.04,13-15-0,2025,{60CC5CD8-3581-4D90-95A9-86CD9BECD0C9}
Team Sunshine,72.8,C-,THE BEST OF THE BEST,3,1421.42,1590.74,7-7-0,2023,{1AE08E91-6882-4C36-A08E-9168821C36D0}
The Chase Is On,72.75,C-,Game of Yards!,10,1324.52,1484.86,5-9-0,2022,{7C5105C9-0740-4E06-AF54-4D5BAF9475AC}
JanSteez,72.68,C-,EBC League,5,1586.02,1575.74,8-6-0,2024,{33129857-4E92-4DF2-BA53-0AA5B27FA2F5}
Wakanda Forever,72.63,C-,Game of Yards!,10,1495.06,1662.26,10-18-0,2024,{85C7DDE2-8C6F-4A9A-85F8-F5D550F146AC}
Crazy Kat,72.58,C-,THE BEST OF THE BEST,3,1370.56,1376.48,7-7-0,2024,{CC5404BB-2B2C-4EBE-A0A4-BDA3D3BCE543}
Saving Private Ryan,72.52,C-,THE BEST OF THE BEST,12,1300.58,1432.3,4-10-0,2022,{A8781626-DB52-4D55-B816-26DB528D55B6}
Pain Inflictors,72.5,C-,Game of Yards!,4,1598.4,1519.16,9-5-0,2022,{4802A561-2D04-4FD7-AFB4-E8C5CDCD4C04}
Dirty Tone and  The Boys,72.49,C-,THE BEST OF THE BEST,11,1336.62,1456.62,6-8-0,2023,{54A194E0-EC0C-432D-A194-E0EC0C832DAC}
Team TitBit,72.34,C-,Game of Yards!,5,1306.98,1252.5,6-7-0,2019,{CFED3745-01A7-4D35-B869-DD322FB8CCE1}
Breece Hall Sucks,72.31,C-,Family Fantasy,8,1524.72,1706.82,6-8-0,2025,{A1A69B8D-9552-46EC-8145-7D9DC7026AC9}
THE BIGMADBLUE,72.22,C-,Brown Munde,4,1610.18,1613.84,14-14-0,2024,{949FEE5A-4440-43DB-9FEE-5A4440A3DBBC}
Wu-Tangs Killabeez,72.08,C-,THE BEST OF THE BEST,14,1476.32,1479.0,7-7-0,2025,{8BED9748-9839-4F55-AD97-4898394F5553}
THE BIGMADBLUE,72.04,C-,Brown Munde,10,1517.08,1566.8,11-17-0,2025,{949FEE5A-4440-43DB-9FEE-5A4440A3DBBC}
Jimoke Jukes,72.01,C-,EBC League,7,1453.96,1625.62,5-9-0,2025,{33129857-4E92-4DF2-BA53-0AA5B27FA2F5}
It's Miller Time,71.96,C-,The Girl's Room 💞🏈,11,1390.82,1580.78,6-9-0,2025,{46993514-CB12-4CFA-9935-14CB122CFA5F}
1900 Sleepers,71.89,C-,Pennoni Younglings,10,1574.52,1685.04,5-9-0,2025,{FB64662C-A6C7-423B-B6EE-231900310D44}
Trash Panda Express,71.68,C-,BP- Loudoun 2025,3,1948.66,1888.9,8-6-1,2025,{1EBC8DBD-EC4C-4072-8BBC-6D539BE4D6FD}
Hannah's Hail Mary,71.55,C-,BP- Loudoun 2025,12,1755.9,1867.9,6-9-0,2025,{4375637E-BE98-463A-BC78-7D6AD1D285D8}
Pho_King,71.47,C-,Pennoni Younglings,4,1657.6,1622.76,10-4-0,2024,{8E853A19-B927-4F0B-B78A-85B0F21BBBBB}
lawrence's Loud Team,71.44,C-,Family Fantasy,7,1478.74,1501.94,8-6-0,2024,{D0CA38D4-82C5-48C1-8974-77C7B710B5EB}
Seigaku FC,71.24,C-,EBC League,6,1836.6,1735.06,8-6-0,2021,{A34A1D3B-AB7E-49E5-8A1D-3BAB7E89E546}
sports,71.2,C-,THE BEST OF THE BEST,11,1381.36,1449.38,6-8-0,2024,{A8781626-DB52-4D55-B816-26DB528D55B6}
Riley  Read option,71.08,C-,EBC League,5,1628.82,1715.08,6-8-0,2022,{6C5C9AAC-ABFF-4A0B-8E79-850BC109731F}
Wakanda Forever,70.99,C-,Game of Yards!,3,1532.28,1391.62,8-6-0,2022,{85C7DDE2-8C6F-4A9A-85F8-F5D550F146AC}
Oversized Pumpkins,70.95,C-,RRR On Premise ,7,1685.22,1584.68,8-6-0,2021,{83937314-A1CA-41FD-A242-C9B5B534B295}
Bhals,70.91,C-,Brown Munde,8,1433.86,1611.64,8-20-0,2025,{0E22E7FC-569B-49C8-A313-22E034A6865F}
Shae's Sunday Scaries ,70.89,C-,The Girl's Room 💞🏈,10,1446.16,1537.7,7-8-0,2025,{301FF24A-F501-4A68-A146-66AEDC81FB63}
PAI Alcoholics Anonymous ,70.84,C-,Pennoni Younglings,8,1511.42,1551.06,8-6-0,2023,{0CE04EAF-1603-4259-869A-A567F9953F44}
Team Just here 4 fun,70.74,C-,0755 Fantasy Football,9,1491.08,1539.06,6-8-0,2022,{30B3E10C-D363-4E74-8961-7D4829DE152A}
Pleasant Valley Panthers,70.66,C-,EBC League,8,1363.5,1728.78,2-12-0,2022,{8DC6CB03-411B-4540-86CB-03411B854029}
Dirty Tone and  The Boys,70.61,C-,THE BEST OF THE BEST,8,1512.36,1585.16,6-8-0,2024,{54A194E0-EC0C-432D-A194-E0EC0C832DAC}
Pain Inflictors,70.59,C-,Game of Yards!,9,1546.1,1716.26,7-21-0,2025,{4802A561-2D04-4FD7-AFB4-E8C5CDCD4C04}
The Golden Receivers,70.32,C-,Pennoni Younglings,5,1497.52,1551.18,7-7-0,2023,{4656A2AD-A939-460B-96A2-ADA939760B8B}
Team DEMBOYZ,70.3,C-,RRR On Premise ,11,1073.54,1301.26,4-10-0,2021,{FDBF5791-5905-46A0-A1F2-951A16CD0A0C}
Sh1tting on Laporta potty ,70.29,C-,The Mike Daisy Sports IQ League,1,1785.82,1593.1,7-7-0,2025,{647A253D-3851-42DD-96BB-0155531AC0C3}
"Michael, The Baker",70.21,C-,0755 Fantasy Football,1,1775.24,1548.16,12-2-0,2025,{5E530C03-3F19-48F0-A309-52B769E76347}
Crazy Kat,70.21,C-,THE BEST OF THE BEST,8,1430.84,1506.62,7-7-0,2023,{CC5404BB-2B2C-4EBE-A0A4-BDA3D3BCE543}
Team Padodara,70.18,C-,Brown Munde,7,1444.36,1592.7,12-16-0,2025,{1821880B-3A19-4F7F-8EE2-9DEEC03B465E}
Unicorns🦄 ,70.15,C-,RRR On Premise ,9,1360.84,1700.24,3-11-0,2023,{D2DCF56C-66BC-40EE-BE19-26B47BBAC311}
Wut happened uh 🤷🏽‍♂️,70.14,C-,EBC League,6,1746.34,1806.22,6-8-0,2023,{33129857-4E92-4DF2-BA53-0AA5B27FA2F5}
First down syndrome ,70.12,C-,EBC League,10,1624.32,1542.44,5-9-0,2025,{CF59EECF-F236-4BE7-93F6-C873EFC4BF85}
THE BIGMADBLUE,69.82,D+,Game of Yards!,1,1534.2,1482.3,8-6-0,2021,{949FEE5A-4440-43DB-9FEE-5A4440A3DBBC}
Breece Hall Sucks,69.76,D+,Family Fantasy,11,1579.54,1696.56,4-10-0,2024,{A1A69B8D-9552-46EC-8145-7D9DC7026AC9}
Bhambhwani Pawan Dilip,69.75,D+,Game of Yards!,3,1514.28,1468.76,8-6-0,2021,{5E7FB20B-E820-4BAD-BFB2-0BE820DBADF3}
Brady Gaga,69.7,D+,0755 Fantasy Football,3,1495.38,1330.98,8-6-0,2022,{99C913F4-1FF6-4361-93D2-117EA19F759C}
Chicken Fried Chicken Meal,69.54,D+,0755 Fantasy Football,9,1603.72,1708.64,6-8-0,2024,{8E853A19-B927-4F0B-B78A-85B0F21BBBBB}
cman,69.53,D+,Pennoni Younglings,6,1653.48,1589.1,7-7-0,2025,{3038B793-C0D8-4773-82BA-30F522EA1C1A}
Chicken Fried Chicken Meal,69.49,D+,0755 Fantasy Football,4,1219.06,1229.5,7-5-0,2023,{8E853A19-B927-4F0B-B78A-85B0F21BBBBB}
Sacks and the City,69.49,D+,The Girl's Room 💞🏈,8,1359.36,1544.44,8-7-0,2025,{FD379251-A8A4-42A5-8FA5-83D1DA913174}
Jockstrap jubilee ,69.47,D+,Operators Football League,7,1342.1,1522.96,4-10-0,2025,{B502FBA7-F2E3-4E73-81F6-2D6F7103471B}
The Big Hurts,69.43,D+,0755 Fantasy Football,2,1482.04,1447.12,7-7-0,2022,{B1F0C84F-7E0C-4088-B0C8-4F7E0C008826}
Inter Miami CF,69.41,D+,EBC League,2,1627.68,1616.84,7-7-0,2025,{A34A1D3B-AB7E-49E5-8A1D-3BAB7E89E546}
Serving Punt,69.39,D+,The Girl's Room 💞🏈,12,1231.64,1373.94,7-8-0,2025,{FE598F7B-DEEB-43CB-B866-038706DB52C8}
Tortured Football Department,69.31,D+,Family Fantasy,12,1459.84,1625.1,3-11-0,2024,{8F726947-16B6-4023-8839-58DD00CD6659}
Vidhi's Spirited Team,69.21,D+,Game of Yards!,7,1542.52,1720.5,11-17-0,2024,{8AA85666-1E0A-41B3-8FEF-E502B1D08914}
Chicken Fried Chicken Meal,69.05,D+,0755 Fantasy Football,7,1337.62,1510.32,6-8-0,2022,{8E853A19-B927-4F0B-B78A-85B0F21BBBBB}
The Hungry Dogs,69.04,D+,EBC League,1,1822.06,1675.36,9-5-0,2022,{4656A2AD-A939-460B-96A2-ADA939760B8B}
Bhambhwani Pawan Dilip,69.04,D+,Game of Yards!,9,1413.48,1507.36,4-10-0,2020,{5E7FB20B-E820-4BAD-BFB2-0BE820DBADF3}
Pickens Brown Hubbard @ Mahomes,68.96,D+,Philly Extra Special,4,1797.18,1520.82,10-3-1,2025,{1E294587-F125-49A7-AD9D-7567C0C3DEE1}
Jackson's Tiktok,68.93,D+,RRR On Premise ,10,1690.24,1691.66,7-7-0,2023,{43035DAF-DDD6-4952-835D-AFDDD6195257}
For Me to Poop on,68.8,D+,Family Fantasy,2,1579.82,1602.28,7-7-0,2024,{80A5169E-FE6E-46F3-A516-9EFE6EE6F368}
Team Flaherty,68.79,D+,RRR On Premise ,12,1337.82,1460.32,6-8-0,2021,{A319B00D-609E-486D-99B0-0D609EE86D5F}
CeeDee's Nuts,68.77,D+,EBC League,9,1478.8,1569.14,4-10-0,2025,{668E3A23-4B03-4D9E-9804-4C9D479F4E8F}
Peter Pan + the Lost Boys ,68.71,D+,THE BEST OF THE BEST,10,1257.96,1440.54,4-10-0,2022,{D1128929-4E7D-4D10-9289-294E7DBD10E2}
Mhoney Hurts So Good,68.58,D+,Operators Football League,2,1552.2,1363.22,10-4-0,2025,{5918A112-DDF9-4368-8414-A143EC58B846}
Rizzly Bears,68.52,D+,Family Fantasy,8,1573.12,1673.94,5-9-0,2024,{33129857-4E92-4DF2-BA53-0AA5B27FA2F5}
BB,68.48,D+,Game of Yards!,6,1617.32,1612.24,16-12-0,2025,{5E7FB20B-E820-4BAD-BFB2-0BE820DBADF3}
Daddy's Home,68.42,D+,Pennoni Younglings,11,1567.12,1714.0,5-9-0,2024,{4C1C5213-4BB5-4243-87AC-0BCB2D637264}
Metcalves of Steele,68.22,D+,0755 Fantasy Football,7,1295.18,1734.14,1-13-0,2024,{5E530C03-3F19-48F0-A309-52B769E76347}
Team CTE,68.2,D+,Game of Yards!,8,1543.38,1618.68,9-19-0,2024,{65AA71E4-A3D5-46CC-A222-C0C93E886D81}
Came and Wentz,68.05,D+,Pennoni Younglings,5,1453.54,1453.86,7-7-0,2022,{C184521A-CEAF-42DB-8452-1ACEAFE2DBB7}
Maid of Honor,67.88,D+,THE BEST OF THE BEST,5,1259.32,1169.22,10-4-0,2022,{5867E53A-DE09-40ED-A71A-B4A9CA80E2EA}
Wakanda Forever,67.84,D+,Game of Yards!,2,1756.36,1469.32,18-10-0,2025,{85C7DDE2-8C6F-4A9A-85F8-F5D550F146AC}
Team BIGMADBLUE,67.81,D+,Game of Yards!,2,1434.28,1396.24,6-7-0,2019,{949FEE5A-4440-43DB-9FEE-5A4440A3DBBC}
THE BIGMADBLUE,67.8,D+,Game of Yards!,8,1416.86,1501.08,6-8-0,2022,{949FEE5A-4440-43DB-9FEE-5A4440A3DBBC}
Sorry 🤷🏽‍♂️,67.51,D+,EBC League,7,1632.48,1739.38,6-8-0,2021,{33129857-4E92-4DF2-BA53-0AA5B27FA2F5}
Team bhalani,67.46,D+,Brown Munde,10,1563.34,1496.18,5-9-0,2023,{0E22E7FC-569B-49C8-A313-22E034A6865F}
Frisco Full Can Field Goals 🏈,67.4,D+,OnP Fantasy,11,1383.46,1584.48,4-10-0,2025,{AAD245A4-298A-4362-A70B-5F838E0D6F64}
Team Cogs,67.35,D+,Pennoni Younglings,4,1629.68,1395.22,11-3-0,2023,{91828F94-1966-4B65-828F-9419663B65D8}
The Golden Receivers,67.35,D+,Pennoni Younglings,12,1388.0,1638.22,5-9-0,2025,{4656A2AD-A939-460B-96A2-ADA939760B8B}
Muqaddar Ka Sikandar,67.28,D+,Game of Yards!,7,1361.24,1462.08,5-8-0,2019,{60CC5CD8-3581-4D90-95A9-86CD9BECD0C9}
Dak Stinks,67.19,D+,0755 Fantasy Football,6,1901.86,1636.18,8-6-0,2024,{B1F0C84F-7E0C-4088-B0C8-4F7E0C008826}
The Golden Receivers,67.09,D+,Pennoni Younglings,2,1686.36,1598.96,8-6-0,2024,{4656A2AD-A939-460B-96A2-ADA939760B8B}
Wu-Tangs Killabeez,67.04,D+,THE BEST OF THE BEST,6,1500.3,1509.92,7-7-0,2024,{8BED9748-9839-4F55-AD97-4898394F5553}
Pain Inflictors,66.75,D,Game of Yards!,3,1545.28,1524.82,12-16-0,2024,{4802A561-2D04-4FD7-AFB4-E8C5CDCD4C04}
Breece’s  Pieces,66.46,D,THE BEST OF THE BEST,8,1430.86,1425.08,8-6-0,2022,{AB606613-7901-4CE2-A066-1379013CE29D}
Hunks of Hanet ,66.37,D,Operators Football League,5,1546.72,1351.78,9-5-0,2025,{DFBEAEC0-6413-495E-996E-B8D40DF5E7CE}
Your Mom,66.34,D,Family Fantasy,10,1511.22,1616.9,7-7-0,2024,{F1F84656-65C6-418D-85EB-A941DF949C09}
Maid of Honor,66.32,D,THE BEST OF THE BEST,10,1417.0,1379.3,6-8-0,2024,{5867E53A-DE09-40ED-A71A-B4A9CA80E2EA}
Caleb's Calculated Team,66.26,D,Ross' Fantasy League,10,1300.52,1725.26,4-9-0,2025,{73111650-DB56-4FEE-A451-8B9B298D4624}
Golden Receivers,66.25,D,Family Fantasy,10,1417.24,1505.62,5-9-0,2025,{4656A2AD-A939-460B-96A2-ADA939760B8B}
Team Corner Office,66.14,D,Pennoni Younglings,11,1351.98,1426.58,6-8-0,2022,{4FB9792B-D0E9-407C-A000-A60B0F30DB08}
Team HebAchi,66.14,D,Game of Yards!,5,1559.06,1563.16,7-7-0,2021,{49094F84-F849-4173-B052-21E1CDEDB4EF}
Matthew Golden's Goose,66.03,D,Philly Extra Special,8,1605.62,1792.1,6-8-0,2025,{432EA93E-0C1B-4AD7-AEA9-3E0C1B8AD7D1}
Groot-o-Matic,65.97,D,Game of Yards!,10,1596.6,1667.92,12-16-0,2025,{CFED3745-01A7-4D35-B869-DD322FB8CCE1}
Team Vellapanti,65.89,D,Game of Yards!,5,1709.92,1598.22,7-7-0,2020,{4C1C5213-4BB5-4243-87AC-0BCB2D637264}
The  Never CameBack,65.67,D,Game of Yards!,10,1497.74,1570.5,6-8-0,2021,{65AA71E4-A3D5-46CC-A222-C0C93E886D81}
Kill Bills ,65.56,D,OnP Fantasy,9,1598.96,1556.28,7-7-0,2025,{1BA8396F-D6D7-448B-870B-539450FA06F7}
Free  Brady,65.36,D,THE BEST OF THE BEST,11,1123.96,1277.5,5-9-0,2022,{BD7AF362-BC31-4D1A-A4CE-6ECF15A3FD16}
Meet the Nabers,65.29,D,Brown Munde,5,1675.78,1454.62,17-11-0,2024,{7C5105C9-0740-4E06-AF54-4D5BAF9475AC}
"All Barkley, No Bite",65.28,D,Brown Munde,8,1323.6,1523.1,6-22-0,2024,{65AA71E4-A3D5-46CC-A222-C0C93E886D81}
Your Mom,65.19,D,Family Fantasy,7,1590.24,1441.68,10-4-0,2025,{F1F84656-65C6-418D-85EB-A941DF949C09}
Red Bulls On Parade,65.03,D,OnP Fantasy,3,1737.32,1478.68,10-4-0,2025,{D6421CA2-74FC-4D39-821C-A274FC9D39FE}
Came and Wentz,64.95,D,Pennoni Younglings,12,1372.5,1618.6,5-9-0,2023,{C184521A-CEAF-42DB-8452-1ACEAFE2DBB7}
C. Kirk's revenge,64.81,D,The Mike Daisy Sports IQ League,12,1496.22,1858.58,3-11-0,2025,{AAD245A4-298A-4362-A70B-5F838E0D6F64}
Need a New Name,64.71,D,THE BEST OF THE BEST,13,1204.74,1433.38,4-10-0,2022,{5BB3D15D-39B8-4E48-B3D1-5D39B84E4804}
Matt Gay Team,64.68,D,The Mike Daisy Sports IQ League,11,1398.62,1704.24,4-10-0,2025,{5B5865A3-23DE-4072-86CD-6953574BC088}
Big Ballsy Bozos,64.65,D,Operators Football League,4,1410.62,1487.94,8-6-0,2025,{9B611343-247D-458B-88C3-50BB33789365}
Numb Nutz - CHAMP,64.63,D,Family Fantasy,11,1379.74,1574.02,4-10-0,2025,{44E96D81-20A7-4A88-AA77-7AF689BE12D7}
Najee Germany,64.47,D,The Mike Daisy Sports IQ League,10,1498.44,1628.06,4-10-0,2025,{4291ADF5-3463-4685-8B3A-BB2A74C31A3F}
dFIBulators,64.16,D,Ross' Fantasy League,8,1654.06,1788.48,5-8-0,2025,{668E3A23-4B03-4D9E-9804-4C9D479F4E8F}
Pineapples and Tartar Sauce,64.05,D,0755 Fantasy Football,7,1328.16,1306.22,7-6-0,2023,{03E31D1D-A927-47A0-B1C9-F4AD3AF7BFB8}
I'm Sorry Mrs. Jackson,63.95,D,OnP Fantasy,12,1426.84,1672.84,6-8-0,2025,{71372B03-57FD-4FCB-AA0B-69957655412D}
MOTHER MAY I,63.84,D,0755 Fantasy Football,6,1338.94,1243.64,8-5-0,2023,{5E530C03-3F19-48F0-A309-52B769E76347}
The Hungry Dogs,63.65,D,EBC League,7,1710.78,1704.76,5-9-0,2023,{4656A2AD-A939-460B-96A2-ADA939760B8B}
Bhambhwani Pawan Dilip,63.6,D,Game of Yards!,9,1379.72,1423.08,9-19-0,2023,{5E7FB20B-E820-4BAD-BFB2-0BE820DBADF3}
Groot-o-Matic,63.5,D,Game of Yards!,4,1620.12,1699.22,13-15-0,2024,{CFED3745-01A7-4D35-B869-DD322FB8CCE1}
Chicken’s Cougars ,63.4,D,Operators Football League,8,1220.16,1640.34,2-12-0,2025,{E25AE41B-82C0-4A03-A531-4082EAFA9887}
First down syndrome ,63.17,D,EBC League,4,1594.3,1604.86,6-8-0,2024,{CF59EECF-F236-4BE7-93F6-C873EFC4BF85}
Inglorious Staffords,63.13,D,Game of Yards!,6,1548.34,1548.36,7-7-0,2021,{7C5105C9-0740-4E06-AF54-4D5BAF9475AC}
Abyss Diamond Eyes,63.12,D,EBC League,7,1535.1,1804.12,4-10-0,2024,{9AE3AD76-F6D3-4C3E-B0CB-3A5B9E1C501A}
Team Amiji,62.93,D-,Game of Yards!,10,1326.58,1412.48,5-8-0,2019,{8EF83BEE-329B-4056-9953-F0E1B26AC099}
Crazy Kat,62.91,D-,THE BEST OF THE BEST,10,1411.42,1552.58,3-11-0,2025,{CC5404BB-2B2C-4EBE-A0A4-BDA3D3BCE543}
I'd_Tap_ That,62.81,D-,Pennoni Younglings,12,1246.7,1362.22,4-10-0,2022,{8E853A19-B927-4F0B-B78A-85B0F21BBBBB}
BurgerBoyz,62.79,D-,Brown Munde,9,1419.1,1503.12,8-20-0,2024,{CFED3745-01A7-4D35-B869-DD322FB8CCE1}
Prahlad's Ghost,62.56,D-,Pennoni Younglings,10,1376.22,1501.54,4-10-0,2023,{0FCD52B7-4836-49D1-8E35-7FFB99B37B42}
Matthew Dorchak,62.49,D-,Philly Extra Special,2,1709.32,1519.74,8-6-0,2025,{A6404CB9-25F0-4B29-804C-B925F0CB2975}
Gato’s Mom Breezy,62.45,D-,RRR On Premise ,3,1548.8,1391.14,10-4-0,2021,{7F18EDA9-DAE0-410A-9EC4-FE2F20716D07}
The Upside Down,62.45,D-,THE BEST OF THE BEST,9,1468.42,1538.86,5-9-0,2023,{0DCF5E87-3D59-404C-8983-94C6C3FAD89F}
Team CTE,62.44,D-,Game of Yards!,1,1687.66,1721.36,14-14-0,2025,{65AA71E4-A3D5-46CC-A222-C0C93E886D81}
Case Closed ,62.41,D-,Operators Football League,10,1344.88,1504.02,5-9-0,2025,{1EC10606-80E9-4A6D-A618-E448864CAA58}
3rd World Immigrant,62.36,D-,0755 Fantasy Football,1,1397.9,1171.52,9-3-0,2023,{4C1C5213-4BB5-4243-87AC-0BCB2D637264}
Yvng Killas,62.11,D-,Ross' Fantasy League,9,1768.56,1674.74,6-7-0,2025,{33129857-4E92-4DF2-BA53-0AA5B27FA2F5}
Chicken Fried Chicken Meal,62.1,D-,0755 Fantasy Football,9,1483.38,1692.88,3-11-0,2025,{8E853A19-B927-4F0B-B78A-85B0F21BBBBB}
Muqaddar Ka Sikandar,62.07,D-,Game of Yards!,8,1441.86,1543.06,6-8-0,2020,{60CC5CD8-3581-4D90-95A9-86CD9BECD0C9}
Lucky #13s,62.06,D-,THE BEST OF THE BEST,7,1400.58,1271.62,10-4-0,2022,{1AE08E91-6882-4C36-A08E-9168821C36D0}
Riley  Read option,61.98,D-,EBC League,4,1509.8,1587.32,7-7-0,2025,{6C5C9AAC-ABFF-4A0B-8E79-850BC109731F}
Pho_King,61.9,D-,Pennoni Younglings,11,1431.62,1473.68,6-8-0,2025,{8E853A19-B927-4F0B-B78A-85B0F21BBBBB}
The Chase is on,61.61,D-,Game of Yards!,7,1520.92,1805.2,9-19-0,2025,{7C5105C9-0740-4E06-AF54-4D5BAF9475AC}
Pain Inflictors,61.45,D-,Game of Yards!,7,1443.82,1602.02,5-9-0,2020,{4802A561-2D04-4FD7-AFB4-E8C5CDCD4C04}
Shindo ,61.15,D-,RRR On Premise ,6,1596.24,1537.64,8-6-0,2023,{16A413B2-9FE8-4937-A413-B29FE8093782}
Oklahoma Go Sports!,60.89,D-,RRR On Premise ,14,1202.3,1512.58,3-10-1,2021,{AAD245A4-298A-4362-A70B-5F838E0D6F64}
Jeffrey's not so Scary Team,60.87,D-,BP- Loudoun 2025,11,1490.36,1916.62,3-12-0,2025,{DD7B52C4-07A8-4D1A-9C13-3F2F725D851E}
Hark,60.82,D-,Brown Munde,9,1422.8,1502.72,5-9-0,2023,{8BF15A87-7793-43C2-B15A-87779313C26A}
Cooper Troopers,60.76,D-,Game of Yards!,5,1684.36,1555.74,17-11-0,2024,{4C1C5213-4BB5-4243-87AC-0BCB2D637264}
Bhambhwani Pawan Dilip,59.73,F,Game of Yards!,9,1183.8,1453.16,2-11-0,2019,{5E7FB20B-E820-4BAD-BFB2-0BE820DBADF3}
Philadelphia British Army,59.69,F,Pennoni Younglings,11,1412.86,1455.82,6-8-0,2023,{65213399-AD95-4113-B087-DAB0440DEF10}
Pennoni Adjacent,59.64,F,Pennoni Younglings,12,1451.64,1566.3,6-8-0,2024,{4FB9792B-D0E9-407C-A000-A60B0F30DB08}
Abyss Diamond Eyes,59.13,F,EBC League,5,1768.88,1690.06,7-7-0,2021,{9AE3AD76-F6D3-4C3E-B0CB-3A5B9E1C501A}
The  Dream crusher,58.58,F,THE BEST OF THE BEST,13,1212.86,1463.68,3-11-0,2024,{600C56A6-5DB0-42B1-8C56-A65DB022B176}
Hark,58.37,F,Brown Munde,9,1259.9,1610.72,5-23-0,2025,{8BF15A87-7793-43C2-B15A-87779313C26A}
Prahlad's  Life Coach,58.37,F,0755 Fantasy Football,10,1375.96,1331.74,6-8-0,2022,{0FCD52B7-4836-49D1-8E35-7FFB99B37B42}
Hurts so good,58.18,F,The Girl's Room 💞🏈,18,1105.06,1488.72,3-12-0,2025,{2CC644B9-3D0A-49C1-A594-91F37AAB004C}
AJ's Awesome Team,58.07,F,0755 Fantasy Football,8,1415.64,1534.26,3-11-0,2025,{353273A6-6607-4A68-ADDE-CC045C217594}
Girth Brooks,57.94,F,Pennoni Younglings,10,1218.66,1524.02,4-10-0,2022,{4406D5E2-027E-496A-8DB3-92E87CDFFD33}
Get Money Gang,57.93,F,The Mike Daisy Sports IQ League,3,1593.08,1593.48,8-6-0,2025,{78CFA850-7ED9-4CF2-A523-9E8083CD4055}
Sacks in the City,57.24,F,Operators Football League,9,1416.48,1491.92,6-8-0,2025,{0C1EF165-EE98-44D3-9EF1-65EE9804D340}
Ertz When I Pee,56.83,F,THE BEST OF THE BEST,11,1389.46,1430.44,5-9-0,2025,{F3D1384A-36F5-4EFA-B444-3241073A1940}
Muqaddar Ka Sikandar,56.77,F,Game of Yards!,9,1341.28,1650.04,4-10-0,2021,{60CC5CD8-3581-4D90-95A9-86CD9BECD0C9}
the   jadey bunch,56.69,F,THE BEST OF THE BEST,14,1268.36,1491.46,4-10-0,2024,{BC7B9B1D-2B32-43B6-B744-17B9B386108B}
PAI Athletic Director,56.64,F,Pennoni Younglings,9,1268.12,1406.9,4-10-0,2022,{4C1C5213-4BB5-4243-87AC-0BCB2D637264}
Claytons Team of Experts,56.55,F,OnP Fantasy,8,1356.58,1746.66,2-12-0,2025,{45196FC1-BEBD-41FC-A6D8-2527D65C9C56}
Rizzly Bears,56.46,F,Family Fantasy,9,1334.2,1407.84,3-11-0,2025,{33129857-4E92-4DF2-BA53-0AA5B27FA2F5}
Kelce You Again!,56.13,F,Game of Yards!,6,1537.8,1657.42,13-15-0,2023,{CFED3745-01A7-4D35-B869-DD322FB8CCE1}
Team CTE,55.95,F,Game of Yards!,10,1413.82,1500.76,10-18-0,2023,{65AA71E4-A3D5-46CC-A222-C0C93E886D81}
Obi-Wan Jakobi,55.67,F,Game of Yards!,8,1622.1,1593.9,11-17-0,2025,{4C1C5213-4BB5-4243-87AC-0BCB2D637264}
Still Rollin',55.28,F,Brown Munde,6,1605.28,1377.64,17-11-0,2025,{4C1C5213-4BB5-4243-87AC-0BCB2D637264}
2 Many Cooks,54.67,F,Game of Yards!,7,1406.48,1555.1,5-9-0,2022,{4C1C5213-4BB5-4243-87AC-0BCB2D637264}
Green,54.24,F,Brown Munde,6,1478.98,1511.92,8-6-0,2023,{8EF18ACD-28B1-4DFE-A527-98F4D5D23E5D}
yay football woo,53.55,F,Philly Extra Special,10,1390.26,1561.36,4-10-0,2025,{B6F0817B-1DC0-4E29-B020-68B8E12B6931}
The Upside Down,53.2,F,THE BEST OF THE BEST,12,1365.58,1484.02,6-8-0,2024,{0DCF5E87-3D59-404C-8983-94C6C3FAD89F}
Furnace Party,53.14,F,0755 Fantasy Football,11,1003.96,1488.88,0-13-0,2023,{895560E7-2F06-4344-BFC6-24F2919D0BB0}
Team Padodara,51.77,F,Brown Munde,10,1375.64,1701.3,8-20-0,2024,{1821880B-3A19-4F7F-8EE2-9DEEC03B465E}
Taco Tuesday Everyday,51.73,F,THE BEST OF THE BEST,14,1248.4,1332.82,5-9-0,2023,{5BB3D15D-39B8-4E48-B3D1-5D39B84E4804}
Dirty Tone and  The Boys,51.58,F,THE BEST OF THE BEST,13,1236.68,1612.4,3-11-0,2025,{54A194E0-EC0C-432D-A194-E0EC0C832DAC}
Take off your  fants,,,LargeScale Fantasy Footballers,1,1779.28,1467.24,11-3-0,2021,{474CA494-4AD5-4520-A2B3-20C7F8715363}
Team O'Kane,,,LargeScale Fantasy Footballers,2,1829.78,1617.92,10-4-0,2021,{AAD245A4-298A-4362-A70B-5F838E0D6F64}
Team Daisey,,,LargeScale Fantasy Footballers,3,1727.4,1718.24,8-6-0,2021,{67B022C6-A862-4E4E-B022-C6A8627E4E95}
Coopers Troopers,,,LargeScale Fantasy Footballers,4,1590.94,1542.3,8-6-0,2021,{8F080C99-8FBE-4E90-880C-998FBE9E9061}
Cabin In the woods,,,LargeScale Fantasy Footballers,5,1647.06,1553.78,7-7-0,2021,{EB7C9FAD-350F-4480-B715-11DADF546449}
David Smells  Putrid,,,LargeScale Fantasy Footballers,6,1255.48,1612.56,3-11-0,2021,{31AAA2EE-2271-4A2D-AAA2-EE2271DA2DCA}
King of The Hill,,,LargeScale Fantasy Footballers,7,1647.54,1824.66,3-11-0,2021,{8FDD5AF7-2681-4166-9D5A-F72681316688}
Boutta Cook Up In The Kittle,,,LargeScale Fantasy Footballers,8,1545.84,1686.62,6-8-0,2021,{71E3346E-E19C-4E2B-B201-2ED713E82FBA}
Toby's Favorite Employee,,,RRR On Premise ,1,1622.72,1451.58,9-5-0,2022,{45D714CF-B0D8-49FA-9714-CFB0D859FAB7}
Hurts So Good,,,RRR On Premise ,2,1643.72,1489.2,9-5-0,2022,{17471759-D3C1-4206-8612-A156BCC23AA1}
Mr. Rodgers'  Neighborhood ,,,RRR On Premise ,3,1591.96,1320.5,12-2-0,2022,{16A413B2-9FE8-4937-A413-B29FE8093782}
Ready For Hockey Season ,,,RRR On Premise ,4,1762.7,1574.94,10-4-0,2022,{2B6C7E1E-0755-48FB-89CE-4CFFA3D5DC1A}
Victorious  Secret,,,RRR On Premise ,5,1578.62,1439.16,9-5-0,2022,{ACF2845F-A3D7-477C-962B-9C3D9AB963C5}
Jackson's Tiktok,,,RRR On Premise ,6,1478.08,1497.26,6-8-0,2022,{43035DAF-DDD6-4952-835D-AFDDD6195257}
Funky Town Waffle Stomps,,,RRR On Premise ,7,1706.74,1613.0,8-6-0,2022,{2D55E6BC-7D33-4BD7-9406-CB412DDA6B48}
Oklahoma Go Sports!,,,RRR On Premise ,8,1467.76,1582.52,5-9-0,2022,{AAD245A4-298A-4362-A70B-5F838E0D6F64}
 Johnny  Dramas ,,,RRR On Premise ,9,1483.12,1596.38,5-9-0,2022,{2EE23928-38D5-4A7D-B660-50DE7C47A645}
Bench Last Place ,,,RRR On Premise ,10,1401.88,1660.54,4-10-0,2022,{0F0E5482-7DA5-4CF1-BA17-D025B6E79526}
Dennis The Menace ,,,RRR On Premise ,11,1456.56,1553.16,5-9-0,2022,{72E06046-9EEC-4999-A060-469EEC399959}
Boss  Lady,,,RRR On Premise ,12,1253.12,1668.74,2-12-0,2022,{FDBF5791-5905-46A0-A1F2-951A16CD0A0C}
Can You Diggs It?,,,The Mike Daisy Sports IQ League,1,1941.98,1680.04,11-3-0,2023,{71E3346E-E19C-4E2B-B201-2ED713E82FBA}
Team Brill,,,The Mike Daisy Sports IQ League,2,2005.12,1784.96,9-5-0,2023,{A0CBA4C6-C970-4DD7-BBE8-CB645B79137D}
Calvin's Bookie,,,The Mike Daisy Sports IQ League,3,1821.9,1817.64,8-6-0,2023,{8F080C99-8FBE-4E90-880C-998FBE9E9061}
Get Money Gang,,,The Mike Daisy Sports IQ League,4,1723.9,1790.54,7-7-0,2023,{78CFA850-7ED9-4CF2-A523-9E8083CD4055}
Moore Chubb,,,The Mike Daisy Sports IQ League,5,1841.5,1810.38,7-7-0,2023,{8FDD5AF7-2681-4166-9D5A-F72681316688}
thechampishere,,,The Mike Daisy Sports IQ League,6,1954.52,1946.72,8-6-0,2023,{76625186-E5C0-4260-9AB2-240171B7C267}
Team Daisey,,,The Mike Daisy Sports IQ League,7,1787.84,1815.66,6-8-0,2023,{67B022C6-A862-4E4E-B022-C6A8627E4E95}
David Okane,,,The Mike Daisy Sports IQ League,8,1542.58,1796.34,4-10-0,2023,{AAD245A4-298A-4362-A70B-5F838E0D6F64}
Bass Pro Shop,,,The Mike Daisy Sports IQ League,9,1673.24,1851.96,4-10-0,2023,{474CA494-4AD5-4520-A2B3-20C7F8715363}
My ball zach ertz,,,The Mike Daisy Sports IQ League,10,1825.22,1823.56,6-8-0,2023,{4291ADF5-3463-4685-8B3A-BB2A74C31A3F}
 Johnny  Dramas ,,,RRR On Premise ,1,1854.74,1542.4,9-5-0,2024,{2EE23928-38D5-4A7D-B660-50DE7C47A645}
Master and commanders,,,RRR On Premise ,2,1642.34,1570.08,9-5-0,2024,{16A413B2-9FE8-4937-A413-B29FE8093782}
Kill Bills ,,,RRR On Premise ,3,1727.08,1576.14,8-6-0,2024,{1BA8396F-D6D7-448B-870B-539450FA06F7}
Plano Pipebombs ,,,RRR On Premise ,4,1633.54,1680.02,7-7-0,2024,{AAD245A4-298A-4362-A70B-5F838E0D6F64}
Claytons Team of Experts,,,RRR On Premise ,5,1646.92,1563.42,9-5-0,2024,{45196FC1-BEBD-41FC-A6D8-2527D65C9C56}
Texadelphia,,,RRR On Premise ,6,1720.32,1722.84,6-8-0,2024,{17471759-D3C1-4206-8612-A156BCC23AA1}
Stephen's Super Team,,,RRR On Premise ,7,1709.52,1692.56,8-6-0,2024,{E6292D15-54EC-4D1B-8122-E30E7276B5FE}
That's Purdy Koo,,,RRR On Premise ,8,1568.96,1587.76,9-5-0,2024,{ACF2845F-A3D7-477C-962B-9C3D9AB963C5}
"No, This Is Patrick!",,,RRR On Premise ,9,1492.36,1704.6,5-9-0,2024,{95F44A62-C032-49BB-9961-F1B40077DCE9}
Dennis The Menace ,,,RRR On Premise ,10,1656.48,1654.52,6-8-0,2024,{72E06046-9EEC-4999-A060-469EEC399959}
Bear Down,,,RRR On Premise ,11,1408.74,1627.5,5-9-0,2024,{CC0C30CA-933C-4702-B525-0B223914CD0B}
Big Kirko,,,RRR On Premise ,12,1513.82,1652.98,3-11-0,2024,{ED820BF3-C942-4041-820B-F3C9425041D9}
